rank;season_start;season_end;team;nr_games;wins;stale;loss;goals_made;goals_against;saldo;points
 1;1956;1957;AFC Ajax;34;22; 5; 7; 64; 40; 24;49
 2;1956;1957;Fortuna '54;34;20; 5; 9; 76; 48; 28;45
 3;1956;1957;Sportclub Enschede;34;15;11; 8; 81; 47; 34;41
 4;1956;1957;MVV Maastricht;34;15;10; 9; 53; 42; 11;40
 5;1956;1957;PSV;34;18; 3;13; 93; 71; 22;39
 6;1956;1957;Feijenoord;34;15; 9;10; 79; 58; 21;39
 7;1956;1957;VVV-Venlo;34;16; 6;12; 50; 53; -3;38
 8;1956;1957;Sparta Rotterdam;34;12;12;10; 66; 59;  7;36
 9;1956;1957;NAC Breda;34;14; 8;12; 59; 61; -2;36
10;1956;1957;DOS Utrecht;34;17; 1;16; 79; 75;  4;35
11;1956;1957;Rapid JC Heerlen;34;13; 7;14; 64; 63;  1;33
12;1956;1957;NOAD Tilburg;34;12; 7;15; 54; 64;-10;31
13;1956;1957;BVC Amsterdam;34;11; 8;15; 49; 67;-18;30
14;1956;1957;Groninger VAV;34; 9;10;15; 52; 66;-14;28
15;1956;1957;BVV;34;11; 4;19; 70; 76; -6;26
16;1956;1957;USV Elinkwijk;34;10; 4;20; 52; 87;-35;24
17;1956;1957;Willem II;34; 8; 6;20; 59; 79;-20;22
18;1956;1957;SC Eindhoven;34; 8; 4;22; 39; 83;-44;20
 1;1957;1958;DOS Utrecht;34;19; 9; 6; 84; 52; 32;47
 2;1957;1958;Sportclub Enschede;34;19; 9; 6; 75; 48; 27;47
 3;1957;1958;AFC Ajax;34;17; 8; 9; 62; 44; 18;42
 4;1957;1958;Fortuna '54;34;16; 8;10; 72; 53; 19;40
 5;1957;1958;MVV Maastricht;34;15; 7;12; 57; 50;  7;37
 6;1957;1958;ADO Den Haag;34;14; 7;13; 68; 56; 12;35
 7;1957;1958;VVV-Venlo;34;14; 7;13; 61; 59;  2;35
 8;1957;1958;NAC Breda;34;15; 5;14; 69; 70; -1;35
 9;1957;1958;Sparta Rotterdam;34;11;12;11; 63; 62;  1;34
10;1957;1958;PSV;34;13; 6;15; 73; 70;  3;32
11;1957;1958;Feijenoord;34;13; 6;15; 74; 76; -2;32
12;1957;1958;Rapid JC Heerlen;34;13; 5;16; 56; 67;-11;31
13;1957;1958;Blauw Wit;34;11; 8;15; 56; 59; -3;30
14;1957;1958;BVC Amsterdam;34; 9;12;13; 54; 63; -9;30
15;1957;1958;NOAD Tilburg;34;11; 7;16; 50; 76;-26;29
16;1957;1958;Groninger VAV;34;10; 8;16; 58; 63; -5;28
17;1957;1958;USV Elinkwijk;34;10; 8;16; 47; 71;-24;28
18;1957;1958;BVV;34; 7; 6;21; 56; 96;-40;20
 1;1958;1959;Sparta Rotterdam;34;20;11; 3; 83; 30; 53;51
 2;1958;1959;Rapid JC Heerlen;34;20; 8; 6; 64; 34; 30;48
 3;1958;1959;Fortuna '54;34;17;10; 7; 56; 47;  9;44
 4;1958;1959;DOS Utrecht;34;17; 9; 8; 86; 46; 40;43
 5;1958;1959;Feijenoord;34;17; 7;10; 84; 54; 30;41
 6;1958;1959;AFC Ajax;34;15; 7;12; 77; 63; 14;37
 7;1958;1959;Sportclub Enschede;34;15; 7;12; 67; 59;  8;37
 8;1958;1959;MVV Maastricht;34;12;13; 9; 64; 59;  5;37
 9;1958;1959;VVV-Venlo;34;13;10;11; 71; 65;  6;36
10;1958;1959;PSV;34;12; 9;13; 61; 60;  1;33
11;1958;1959;NAC Breda;34;13; 6;15; 72; 72;  0;32
12;1958;1959;USV Elinkwijk;34;11; 8;15; 55; 57; -2;30
13;1958;1959;ADO Den Haag;34; 9;10;15; 63; 84;-21;28
14;1958;1959;Blauw Wit;34; 9; 8;17; 62; 79;-17;26
15;1958;1959;DWS Amsterdam;34; 8;10;16; 54; 80;-26;26
16;1958;1959;Willem II;34;10; 5;19; 60; 98;-38;25
17;1958;1959;NOAD Tilburg;34; 6; 8;20; 55; 90;-35;20
18;1958;1959;SHS;34; 7; 4;23; 54;111;-57;18
 1;1959;1960;AFC Ajax;34;22; 6; 6;109; 44; 65;50
 2;1959;1960;Feijenoord;34;20;10; 4; 94; 32; 62;50
 3;1959;1960;PSV;34;18; 9; 7; 72; 48; 24;45
 4;1959;1960;DOS Utrecht;34;18; 4;12; 75; 57; 18;40
 5;1959;1960;NAC Breda;34;15; 9;10; 56; 53;  3;39
 6;1959;1960;VVV-Venlo;34;12;12;10; 57; 60; -3;36
 7;1959;1960;Sparta Rotterdam;34;14; 6;14; 53; 52;  1;34
 8;1959;1960;Willem II;34;11;11;12; 65; 69; -4;33
 9;1959;1960;Sportclub Enschede;34;14; 4;16; 81; 76;  5;32
10;1959;1960;DWS Amsterdam;34;13; 6;15; 51; 59; -8;32
11;1959;1960;Rapid JC Heerlen;34;10;12;12; 46; 55; -9;32
12;1959;1960;ADO Den Haag;34;13; 5;16; 62; 68; -6;31
13;1959;1960;MVV Maastricht;34;13; 5;16; 60; 69; -9;31
14;1959;1960;Fortuna '54;34;11; 8;15; 67; 81;-14;30
15;1959;1960;USV Elinkwijk;34; 9;11;14; 37; 48;-11;29
16;1959;1960;Blauw Wit;34;12; 5;17; 53; 82;-29;29
17;1959;1960;FC Volendam;34;10; 3;21; 54; 88;-34;23
18;1959;1960;Sittardia;34; 5; 6;23; 40; 91;-51;16
 1;1960;1961;Feijenoord;34;24; 5; 5;100; 40; 60;53
 2;1960;1961;AFC Ajax;34;22; 7; 5;102; 51; 51;51
 3;1960;1961;VVV-Venlo;34;18; 6;10; 77; 47; 30;42
 4;1960;1961;Sparta Rotterdam;34;16; 9; 9; 71; 54; 17;41
 5;1960;1961;DOS Utrecht;34;15; 9;10; 71; 49; 22;39
 6;1960;1961;Groninger VAV;34;15; 8;11; 57; 51;  6;38
 7;1960;1961;PSV;34;14; 9;11; 74; 59; 15;37
 8;1960;1961;DWS Amsterdam;34;11;13;10; 59; 49; 10;35
 9;1960;1961;NAC Breda;34;15; 4;15; 59; 64; -5;34
10;1960;1961;Willem II;34;13; 6;15; 53; 71;-18;32
11;1960;1961;ADO Den Haag;34;15; 2;17; 59; 78;-19;32
12;1960;1961;Sportclub Enschede;34;12; 6;16; 52; 63;-11;30
13;1960;1961;Rapid JC Heerlen;34;11; 7;16; 42; 54;-12;29
14;1960;1961;MVV Maastricht;34;10; 8;16; 45; 70;-25;28
15;1960;1961;Fortuna '54;34; 8;10;16; 52; 69;-17;26
16;1960;1961;USV Elinkwijk;34;11; 3;20; 43; 72;-29;25
17;1960;1961;VV Alkmaar '54;34; 6;12;16; 39; 61;-22;24
18;1960;1961;NOAD Tilburg;34; 4; 8;22; 28; 81;-53;16
 1;1961;1962;Feijenoord;34;20;10; 4; 88; 35; 53;50
 2;1961;1962;PSV;34;21; 7; 6; 85; 43; 42;49
 3;1961;1962;Blauw Wit;34;16; 9; 9; 71; 54; 17;41
 4;1961;1962;AFC Ajax;34;16; 7;11; 80; 59; 21;39
 5;1961;1962;NAC Breda;34;15; 8;11; 60; 49; 11;38
 6;1961;1962;MVV Maastricht;34;12;12;10; 55; 46;  9;36
 7;1961;1962;FC Volendam;34;15; 4;15; 69; 76; -7;34
 8;1961;1962;Willem II;34;14; 5;15; 63; 52; 11;33
 9;1961;1962;Sparta Rotterdam;34;12; 9;13; 46; 50; -4;33
10;1961;1962;DOS Utrecht;34;10;12;12; 61; 62; -1;32
11;1961;1962;De Volewijckers;34;13; 6;15; 68; 87;-19;32
12;1961;1962;Fortuna '54;34;11; 9;14; 57; 61; -4;31
13;1961;1962;Groninger VAV;34; 8;14;12; 48; 61;-13;30
14;1961;1962;Sportclub Enschede;34;11; 8;15; 55; 69;-14;30
15;1961;1962;ADO Den Haag;34; 9;11;14; 58; 69;-11;29
16;1961;1962;DWS Amsterdam;34; 7;14;13; 38; 63;-25;28
17;1961;1962;VVV-Venlo;34;10; 7;17; 38; 62;-24;27
18;1961;1962;Rapid JC Heerlen;34; 6; 8;20; 35; 77;-42;20
 1;1962;1963;PSV;30;17; 8; 5; 67; 38; 29;42
 2;1962;1963;AFC Ajax;30;17; 5; 8; 73; 41; 32;39
 3;1962;1963;Sparta Rotterdam;30;17; 5; 8; 60; 38; 22;39
 4;1962;1963;Feyenoord;30;14; 9; 7; 58; 40; 18;37
 5;1962;1963;FC Twente;30;12; 9; 9; 58; 46; 12;33
 6;1962;1963;NAC Breda;30;11;10; 9; 51; 48;  3;32
 7;1962;1963;FC Utrecht;30;13; 6;11; 37; 44; -7;32
 8;1962;1963;FC Groningen;30;12; 6;12; 52; 47;  5;30
 9;1962;1963;MVV Maastricht;30;11; 7;12; 45; 49; -4;29
10;1962;1963;ADO Den Haag;30; 9;10;11; 41; 36;  5;28
11;1962;1963;Blauw Wit;30;12; 4;14; 48; 56; -8;28
12;1962;1963;Fortuna '54;30;12; 4;14; 44; 54;-10;28
13;1962;1963;FC Volendam;30; 8;11;11; 50; 53; -3;27
14;1962;1963;Heracles Almelo;30; 9; 8;13; 54; 62; -8;26
15;1962;1963;Willem II;30; 7; 8;15; 53; 68;-15;22
16;1962;1963;De Volewijckers;30; 2; 4;24; 31;102;-71; 8
 1;1963;1964;AFC DWS;30;19; 5; 6; 58; 28; 30;43
 2;1963;1964;PSV;30;18; 5; 7; 66; 42; 24;41
 3;1963;1964;FC Twente;30;14;11; 5; 63; 45; 18;39
 4;1963;1964;Feyenoord;30;16; 5; 9; 77; 33; 44;37
 5;1963;1964;AFC Ajax;30;13; 8; 9; 63; 40; 23;34
 6;1963;1964;NAC Breda;30;14; 6;10; 56; 53;  3;34
 7;1963;1964;Fortuna '54;30;10;10;10; 50; 48;  2;30
 8;1963;1964;FC Groningen;30;11; 8;11; 46; 45;  1;30
 9;1963;1964;FC Utrecht;30;12; 6;12; 52; 54; -2;30
10;1963;1964;ADO Den Haag;30;12; 6;12; 47; 60;-13;30
11;1963;1964;MVV Maastricht;30; 9; 9;12; 40; 53;-13;27
12;1963;1964;Go Ahead Eagles;30; 7;10;13; 42; 62;-20;24
13;1963;1964;Heracles Almelo;30; 8; 7;15; 44; 65;-21;23
14;1963;1964;Sparta Rotterdam;30; 6;10;14; 34; 52;-18;22
15;1963;1964;Blauw Wit;30; 5; 8;17; 44; 71;-27;18
16;1963;1964;FC Volendam;30; 4;10;16; 43; 74;-31;18
 1;1964;1965;Feyenoord;30;21; 3; 6; 77; 30; 47;45
 2;1964;1965;AFC DWS;30;15;10; 5; 55; 28; 27;40
 3;1964;1965;ADO Den Haag;30;13; 7;10; 37; 32;  5;33
 4;1964;1965;PSV;30;13; 7;10; 48; 45;  3;33
 5;1964;1965;Sparta Rotterdam;30;11; 9;10; 39; 40; -1;31
 6;1964;1965;Fortuna '54;30;13; 5;12; 44; 49; -5;31
 7;1964;1965;FC Twente;30; 9;12; 9; 33; 37; -4;30
 8;1964;1965;MVV Maastricht;30;11; 7;12; 41; 51;-10;29
 9;1964;1965;Heracles Almelo;30;11; 7;12; 36; 52;-16;29
10;1964;1965;SC Telstar;30; 9;10;11; 31; 36; -5;28
11;1964;1965;Go Ahead Eagles;30; 8;11;11; 36; 36;  0;27
12;1964;1965;FC Utrecht;30; 8;11;11; 43; 52; -9;27
13;1964;1965;AFC Ajax;30; 9; 8;13; 52; 51;  1;26
14;1964;1965;FC Groningen;30; 8;10;12; 39; 47; -8;26
15;1964;1965;Sittardia;30; 8; 7;15; 36; 46;-10;23
16;1964;1965;NAC Breda;30; 7; 8;15; 34; 49;-15;22
 1;1965;1966;AFC Ajax;30;24; 4; 2; 79; 25; 54;52
 2;1965;1966;Feyenoord;30;21; 3; 6; 65; 30; 35;45
 3;1965;1966;ADO Den Haag;30;15; 9; 6; 72; 37; 35;39
 4;1965;1966;AFC DWS;30;15; 6; 9; 48; 30; 18;36
 5;1965;1966;Go Ahead Eagles;30;14; 8; 8; 49; 33; 16;36
 6;1965;1966;FC Groningen;30;12; 7;11; 43; 43;  0;31
 7;1965;1966;Sparta Rotterdam;30;12; 5;13; 53; 51;  2;29
 8;1965;1966;PSV;30;10; 8;12; 57; 53;  4;28
 9;1965;1966;Fortuna '54;30; 9; 8;13; 36; 54;-18;26
10;1965;1966;Willem II;30;11; 3;16; 42; 59;-17;25
11;1965;1966;FC Twente;30; 9; 6;15; 43; 61;-18;24
12;1965;1966;FC Utrecht;30; 9; 6;15; 48; 72;-24;24
13;1965;1966;SC Telstar;30; 8; 6;16; 39; 52;-13;22
14;1965;1966;USV Elinkwijk;30; 7; 8;15; 37; 64;-27;22
15;1965;1966;MVV Maastricht;30; 6; 9;15; 36; 56;-20;21
16;1965;1966;Heracles Almelo;30; 5;10;15; 32; 59;-27;20
 1;1966;1967;AFC Ajax;34;26; 4; 4;122; 34; 88;56
 2;1966;1967;Feijenoord;34;21; 9; 4; 81; 33; 48;51
 3;1966;1967;Sparta Rotterdam;34;20; 8; 6; 50; 25; 25;48
 4;1966;1967;ADO Den Haag;34;18;10; 6; 70; 40; 30;46
 5;1966;1967;Go Ahead Eagles;34;17; 6;11; 57; 37; 20;40
 6;1966;1967;PSV;34;13;11;10; 64; 59;  5;37
 7;1966;1967;Sittardia;34;13; 9;12; 34; 40; -6;35
 8;1966;1967;DWS Amsterdam;34;13; 8;13; 56; 51;  5;34
 9;1966;1967;GVAV Groningen;34;13; 8;13; 48; 44;  4;34
10;1966;1967;FC Xerxes;34;13; 8;13; 47; 48; -1;34
11;1966;1967;MVV Maastricht;34; 9;12;13; 43; 59;-16;30
12;1966;1967;NAC Breda;34;10; 9;15; 44; 50; -6;29
13;1966;1967;FC Twente;34; 9;11;14; 47; 62;-15;29
14;1966;1967;Fortuna '54;34; 8; 9;17; 44; 66;-22;25
15;1966;1967;DOS Utrecht;34;10; 5;19; 50; 83;-33;25
16;1966;1967;Telstar;34; 8; 8;18; 44; 68;-24;24
17;1966;1967;USV Elinkwijk;34; 7; 8;19; 35; 84;-49;22
18;1966;1967;Willem II;34; 2; 9;23; 27; 80;-53;13
 1;1967;1968;AFC Ajax;34;27; 4; 3; 96; 19; 77;58
 2;1967;1968;Feijenoord;34;25; 5; 4; 84; 21; 63;55
 3;1967;1968;Go Ahead Eagles;34;17; 8; 9; 65; 41; 24;42
 4;1967;1968;ADO Den Haag;34;15;11; 8; 53; 34; 19;41
 5;1967;1968;Sparta Rotterdam;34;15;10; 9; 53; 33; 20;40
 6;1967;1968;GVAV Groningen;34;10;16; 8; 38; 35;  3;36
 7;1967;1968;Xerxes/D.H.C.;34;13; 9;12; 45; 47; -2;35
 8;1967;1968;FC Twente;34;13; 8;13; 56; 58; -2;34
 9;1967;1968;DWS Amsterdam;34;12; 8;14; 47; 57;-10;32
10;1967;1968;NEC Nijmegen;34; 9;13;12; 41; 51;-10;31
11;1967;1968;Telstar;34;11; 7;16; 43; 55;-12;29
12;1967;1968;FC Volendam;34; 8;13;13; 39; 56;-17;29
13;1967;1968;MVV Maastricht;34; 8;12;14; 37; 50;-13;28
14;1967;1968;PSV;34; 9; 9;16; 43; 54;-11;27
15;1967;1968;NAC Breda;34; 9; 8;17; 25; 56;-31;26
16;1967;1968;DOS Utrecht;34; 6;13;15; 40; 64;-24;25
17;1967;1968;Fortuna '54;34; 6;13;15; 37; 70;-33;25
18;1967;1968;Sittardia;34; 6; 7;21; 38; 79;-41;19
 1;1968;1969;Feijenoord;34;26; 5; 3; 73; 21; 52;57
 2;1968;1969;AFC Ajax;34;25; 4; 5; 90; 34; 56;54
 3;1968;1969;FC Twente;34;21; 5; 8; 69; 38; 31;47
 4;1968;1969;Go Ahead Eagles;34;19; 7; 8; 63; 34; 29;45
 5;1968;1969;PSV;34;17;10; 7; 54; 36; 18;44
 6;1968;1969;ADO Den Haag;34;12;13; 9; 45; 37;  8;37
 7;1968;1969;NAC Breda;34;10;15; 9; 50; 48;  2;35
 8;1968;1969;Sparta Rotterdam;34;11;12;11; 45; 33; 12;34
 9;1968;1969;DWS Amsterdam;34;13; 8;13; 42; 41;  1;34
10;1968;1969;Holland Sport;34;12; 9;13; 32; 45;-13;33
11;1968;1969;GVAV Groningen;34; 8;12;14; 32; 48;-16;28
12;1968;1969;NEC Nijmegen;34; 9; 9;16; 29; 38; -9;27
13;1968;1969;MVV Maastricht;34; 7;12;15; 34; 46;-12;26
14;1968;1969;Telstar;34; 7;10;17; 33; 65;-32;24
15;1968;1969;FC Volendam;34; 6;11;17; 24; 45;-21;23
16;1968;1969;AZ '67 Alkmaar;34; 5;13;16; 27; 53;-26;23
17;1968;1969;DOS Utrecht;34; 7; 9;18; 37; 74;-37;23
18;1968;1969;FSC Geleen;34; 3;12;19; 18; 61;-43;18
 1;1969;1970;AFC Ajax;34;27; 6; 1;100; 23; 77;60
 2;1969;1970;Feijenoord;34;22;11; 1; 81; 22; 59;55
 3;1969;1970;PSV;34;19; 8; 7; 70; 34; 36;46
 4;1969;1970;FC Twente;34;17; 8; 9; 62; 43; 19;42
 5;1969;1970;Sparta Rotterdam;34;16; 9; 9; 56; 41; 15;41
 6;1969;1970;ADO Den Haag;34;14;12; 8; 56; 33; 23;40
 7;1969;1970;Go Ahead Eagles;34;11;13;10; 40; 42; -2;35
 8;1969;1970;MVV Maastricht;34;10;14;10; 45; 45;  0;34
 9;1969;1970;Holland Sport;34;13; 7;14; 48; 63;-15;33
10;1969;1970;NAC Breda;34;11;10;13; 40; 54;-14;32
11;1969;1970;NEC Nijmegen;34; 8;15;11; 31; 39; -8;31
12;1969;1970;AZ '67 Alkmaar;34; 8;12;14; 31; 48;-17;28
13;1969;1970;HFC Haarlem;34; 6;15;13; 23; 36;-13;27
14;1969;1970;Telstar;34; 5;14;15; 33; 48;-15;24
15;1969;1970;DWS Amsterdam;34; 9; 6;19; 26; 50;-24;24
16;1969;1970;DOS Utrecht;34; 7; 9;18; 27; 64;-37;23
17;1969;1970;GVAV Groningen;34; 7; 8;19; 20; 45;-25;22
18;1969;1970;SVV Schiedam;34; 5; 5;24; 31; 90;-59;15
 1;1970;1971;Feijenoord;34;26; 5; 3; 82; 25; 57;57
 2;1970;1971;AFC Ajax;34;24; 5; 5; 90; 20; 70;53
 3;1970;1971;ADO Den Haag;34;21; 8; 5; 62; 27; 35;50
 4;1970;1971;PSV;34;21; 7; 6; 73; 25; 48;49
 5;1970;1971;FC Twente;34;19;10; 5; 48; 18; 30;48
 6;1970;1971;Sparta Rotterdam;34;16;13; 5; 54; 34; 20;45
 7;1970;1971;Go Ahead Eagles;34;15; 8;11; 49; 43;  6;38
 8;1970;1971;NEC Nijmegen;34;12;10;12; 43; 36;  7;34
 9;1970;1971;FC Utrecht;34;13; 7;14; 46; 64;-18;33
10;1970;1971;FC Volendam;34; 9;10;15; 34; 48;-14;28
11;1970;1971;Telstar;34; 9; 9;16; 32; 46;-14;27
12;1970;1971;DWS Amsterdam;34; 5;17;12; 26; 54;-28;27
13;1970;1971;MVV Maastricht;34; 8;10;16; 28; 42;-14;26
14;1970;1971;NAC Breda;34; 7;10;17; 40; 61;-21;24
15;1970;1971;Holland Sport;34; 5;14;15; 34; 60;-26;24
16;1970;1971;SBV Excelsior;34; 5;10;19; 22; 66;-44;20
17;1970;1971;AZ '67 Alkmaar;34; 3; 9;22; 24; 76;-52;15
18;1970;1971;HFC Haarlem;34; 1;12;21; 22; 64;-42;14
 1;1971;1972;AFC Ajax;34;30; 3; 1;104; 20; 84;63
 2;1971;1972;Feijenoord;34;26; 3; 5; 73; 24; 49;55
 3;1971;1972;FC Twente;34;17;14; 3; 50; 13; 37;48
 4;1971;1972;Sparta Rotterdam;34;18;10; 6; 73; 38; 35;46
 5;1971;1972;FC Den Haag-ADO;34;17;10; 7; 59; 33; 26;44
 6;1971;1972;FC Utrecht;34;15;10; 9; 56; 42; 14;40
 7;1971;1972;NEC Nijmegen;34;15; 8;11; 43; 43;  0;38
 8;1971;1972;PSV;34;13;10;11; 47; 32; 15;36
 9;1971;1972;Go Ahead Eagles;34;13; 8;13; 48; 49; -1;34
10;1971;1972;MVV Maastricht;34;10;10;14; 36; 47;-11;30
11;1971;1972;Telstar;34; 9;11;14; 39; 52;-13;29
12;1971;1972;FC Groningen;34; 8;12;14; 37; 55;-18;28
13;1971;1972;NAC Breda;34; 9; 9;16; 39; 58;-19;27
14;1971;1972;DWS Amsterdam;34; 7; 6;21; 28; 54;-26;20
15;1971;1972;SBV Excelsior;34; 4;12;18; 18; 53;-35;20
16;1971;1972;FC Den Bosch '67;34; 6; 8;20; 24; 70;-46;20
17;1971;1972;FC Volendam;34; 5; 7;22; 16; 55;-39;17
18;1971;1972;Vitesse;34; 5; 7;22; 22; 74;-52;17
 1;1972;1973;AFC Ajax;34;30; 0; 4;102; 18; 84;60
 2;1972;1973;Feijenoord;34;27; 4; 3; 89; 28; 61;58
 3;1972;1973;FC Twente;34;22; 6; 6; 53; 22; 31;50
 4;1972;1973;Sparta Rotterdam;34;21; 5; 8; 85; 37; 48;47
 5;1972;1973;FC Den Haag-ADO;34;15;10; 9; 44; 39;  5;40
 6;1972;1973;PSV;34;15; 8;11; 46; 35; 11;38
 7;1972;1973;MVV Maastricht;34;14; 9;11; 49; 38; 11;37
 8;1972;1973;FC Utrecht;34;12; 8;14; 42; 55;-13;32
 9;1972;1973;NEC Nijmegen;34;10;11;13; 40; 46; -6;31
10;1972;1973;FC Amsterdam;34;11; 7;16; 44; 54;-10;29
11;1972;1973;HFC Haarlem;34;10; 9;15; 43; 55;-12;29
12;1972;1973;Telstar;34;12; 4;18; 39; 51;-12;28
13;1972;1973;FC Groningen;34; 7;13;14; 37; 61;-24;27
14;1972;1973;Go Ahead Eagles;34; 8; 9;17; 31; 52;-21;25
15;1972;1973;AZ '67 Alkmaar;34; 8; 9;17; 32; 58;-26;25
16;1972;1973;NAC Breda;34; 7; 7;20; 26; 57;-31;21
17;1972;1973;SBV Excelsior;34; 5; 8;21; 24; 70;-46;18
18;1972;1973;FC Den Bosch '67;34; 5; 7;22; 23; 73;-50;17
 1;1973;1974;Feyenoord;34;25; 6; 3; 96; 28; 68;56
 2;1973;1974;FC Twente;34;23; 8; 3; 65; 27; 38;54
 3;1973;1974;AFC Ajax;34;21; 9; 4; 88; 30; 58;51
 4;1973;1974;PSV;34;20; 9; 5; 96; 40; 56;49
 5;1973;1974;FC Amsterdam;34;17; 9; 8; 49; 36; 13;43
 6;1973;1974;Telstar;34;12;12;10; 53; 50;  3;36
 7;1973;1974;AZ '67 Alkmaar;34;10;13;11; 37; 39; -2;33
 8;1973;1974;Sparta Rotterdam;34;10;12;12; 37; 45; -8;32
 9;1973;1974;FC Utrecht;34;14; 4;16; 53; 65;-12;32
10;1973;1974;Go Ahead Eagles;34;11;10;13; 44; 58;-14;32
11;1973;1974;MVV Maastricht;34; 8;14;12; 36; 52;-16;30
12;1973;1974;HFC Haarlem;34;10; 6;18; 33; 46;-13;26
13;1973;1974;FC Den Haag-ADO;34; 8;10;16; 29; 53;-24;26
14;1973;1974;De Graafschap;34; 8;10;16; 43; 75;-32;26
15;1973;1974;Roda JC Kerkrade;34; 6;10;18; 31; 56;-25;22
16;1973;1974;NAC Breda;34; 6;10;18; 44; 72;-28;22
17;1973;1974;NEC Nijmegen;34; 6; 9;19; 33; 51;-18;21
18;1973;1974;FC Groningen;34; 7; 7;20; 40; 84;-44;21
 1;1974;1975;PSV;34;23; 9; 2; 82; 26; 56;55
 2;1974;1975;Feyenoord;34;23; 7; 4; 94; 29; 65;53
 3;1974;1975;AFC Ajax;34;21; 7; 6; 76; 34; 42;49
 4;1974;1975;FC Twente;34;17; 8; 9; 56; 35; 21;42
 5;1974;1975;AZ '67 Alkmaar;34;14;12; 8; 50; 32; 18;40
 6;1974;1975;Sparta Rotterdam;34; 9;18; 7; 43; 37;  6;36
 7;1974;1975;Telstar;34;11;14; 9; 42; 45; -3;36
 8;1974;1975;Roda JC Kerkrade;34;11;10;13; 50; 61;-11;32
 9;1974;1975;FC Amsterdam;34;10;11;13; 49; 48;  1;31
10;1974;1975;FC Den Haag-ADO;34; 7;16;11; 33; 42; -9;30
11;1974;1975;MVV Maastricht;34; 7;14;13; 43; 55;-12;28
12;1974;1975;Go Ahead Eagles;34; 9;10;15; 40; 55;-15;28
13;1974;1975;De Graafschap;34;10; 8;16; 32; 56;-24;28
14;1974;1975;SBV Excelsior;34; 7;12;15; 32; 53;-21;26
15;1974;1975;FC Utrecht;34; 8;10;16; 40; 62;-22;26
16;1974;1975;NAC Breda;34; 8; 9;17; 38; 62;-24;25
17;1974;1975;HFC Haarlem;34; 7;10;17; 36; 69;-33;24
18;1974;1975;WVV Wageningen;34; 7; 9;18; 39; 74;-35;23
 1;1975;1976;PSV;34;24; 5; 5; 89; 27; 62;53
 2;1975;1976;Feyenoord;34;23; 6; 5; 88; 40; 48;52
 3;1975;1976;AFC Ajax;34;21; 8; 5; 74; 38; 36;50
 4;1975;1976;FC Twente;34;19; 8; 7; 64; 32; 32;46
 5;1975;1976;AZ '67 Alkmaar;34;15; 9;10; 46; 39;  7;39
 6;1975;1976;FC Den Haag-ADO;34;15; 7;12; 65; 51; 14;37
 7;1975;1976;NEC Nijmegen;34;11;15; 8; 43; 38;  5;37
 8;1975;1976;Roda JC Kerkrade;34;13;11;10; 40; 36;  4;37
 9;1975;1976;Telstar;34; 7;15;12; 42; 48; -6;29
10;1975;1976;Sparta Rotterdam;34; 7;15;12; 32; 42;-10;29
11;1975;1976;NAC Breda;34; 9;10;15; 26; 53;-27;28
12;1975;1976;De Graafschap;34; 7;14;13; 41; 69;-28;28
13;1975;1976;Go Ahead Eagles;34; 6;15;13; 43; 58;-15;27
14;1975;1976;FC Utrecht;34; 9; 9;16; 36; 57;-21;27
15;1975;1976;SC Eindhoven;34; 9; 9;16; 40; 63;-23;27
16;1975;1976;FC Amsterdam;34; 7;10;17; 39; 52;-13;24
17;1975;1976;MVV Maastricht;34; 8; 7;19; 34; 64;-30;23
18;1975;1976;SBV Excelsior;34; 7; 5;22; 24; 59;-35;19
 1;1976;1977;AFC Ajax;34;23; 6; 5; 62; 26; 36;52
 2;1976;1977;PSV;34;20; 7; 7; 64; 31; 33;47
 3;1976;1977;AZ '67 Alkmaar;34;19; 8; 7; 75; 29; 46;46
 4;1976;1977;Feyenoord;34;16;12; 6; 65; 35; 30;44
 5;1976;1977;Roda JC Kerkrade;34;17; 8; 9; 53; 35; 18;42
 6;1976;1977;FC Utrecht;34;16; 6;12; 59; 66; -7;38
 7;1976;1977;Sparta Rotterdam;34;12;12;10; 52; 47;  5;36
 8;1976;1977;NAC Breda;34;11;12;11; 41; 53;-12;34
 9;1976;1977;FC Twente;34;12; 9;13; 52; 40; 12;33
10;1976;1977;FC Den Haag;34;10;12;12; 50; 42;  8;32
11;1976;1977;Go Ahead Eagles;34;10;11;13; 43; 63;-20;31
12;1976;1977;HFC Haarlem;34;11; 7;16; 35; 47;-12;29
13;1976;1977;VVV-Venlo;34; 8;11;15; 37; 60;-23;27
14;1976;1977;Telstar;34; 7;12;15; 35; 57;-22;26
15;1976;1977;FC Amsterdam;34; 7;11;16; 41; 58;-17;25
16;1976;1977;NEC Nijmegen;34; 6;12;16; 41; 54;-13;24
17;1976;1977;SC Eindhoven;34; 6;12;16; 28; 63;-35;24
18;1976;1977;De Graafschap;34; 6;10;18; 29; 56;-27;22
 1;1977;1978;PSV;34;21;11; 2; 74; 21; 53;53
 2;1977;1978;AFC Ajax;34;20; 9; 5; 85; 36; 49;49
 3;1977;1978;AZ '67 Alkmaar;34;19; 9; 6; 75; 30; 45;47
 4;1977;1978;FC Twente;34;18; 9; 7; 61; 32; 29;45
 5;1977;1978;Sparta Rotterdam;34;14;12; 8; 54; 33; 21;40
 6;1977;1978;Roda JC Kerkrade;34;12;12;10; 41; 40;  1;36
 7;1977;1978;FC Volendam;34;13; 8;13; 50; 58; -8;34
 8;1977;1978;FC Utrecht;34;11;11;12; 40; 45; -5;33
 9;1977;1978;Vitesse;34;10;13;11; 48; 62;-14;33
10;1977;1978;Feyenoord;34;10;12;12; 52; 47;  5;32
11;1977;1978;NAC Breda;34;10;11;13; 37; 51;-14;31
12;1977;1978;FC Den Haag;34;11; 6;17; 45; 57;-12;28
13;1977;1978;HFC Haarlem;34; 8;12;14; 37; 55;-18;28
14;1977;1978;VVV-Venlo;34; 9;10;15; 46; 66;-20;28
15;1977;1978;NEC Nijmegen;34;10; 8;16; 39; 59;-20;28
16;1977;1978;Go Ahead Eagles;34;11; 5;18; 49; 53; -4;27
17;1977;1978;FC Amsterdam;34; 9; 8;17; 41; 73;-32;26
18;1977;1978;Telstar;34; 3; 8;23; 25; 81;-56;14
 1;1978;1979;AFC Ajax;34;24; 6; 4; 93; 31; 62;54
 2;1978;1979;Feyenoord;34;19;13; 2; 62; 19; 43;51
 3;1978;1979;PSV;34;20; 9; 5; 65; 23; 42;49
 4;1978;1979;AZ '67 Alkmaar;34;19; 7; 8; 84; 43; 41;45
 5;1978;1979;Roda JC Kerkrade;34;18; 8; 8; 58; 33; 25;44
 6;1978;1979;Sparta Rotterdam;34;14; 5;15; 47; 48; -1;33
 7;1978;1979;FC Den Haag;34;11;11;12; 43; 55;-12;33
 8;1978;1979;PEC Zwolle;34; 7;18; 9; 36; 46;-10;32
 9;1978;1979;Go Ahead Eagles;34;11; 9;14; 48; 48;  0;31
10;1978;1979;NAC Breda;34; 8;15;11; 41; 51;-10;31
11;1978;1979;MVV Maastricht;34; 9;13;12; 26; 45;-19;31
12;1978;1979;FC Twente;34; 9;12;13; 54; 58; -4;30
13;1978;1979;FC Utrecht;34;10;10;14; 43; 55;-12;30
14;1978;1979;Vitesse;34; 7;15;12; 42; 63;-21;29
15;1978;1979;NEC Nijmegen;34; 7;14;13; 35; 49;-14;28
16;1978;1979;HFC Haarlem;34; 6;13;15; 31; 64;-33;25
17;1978;1979;FC Volendam;34; 7; 8;19; 42; 63;-21;22
18;1978;1979;VVV-Venlo;34; 4; 6;24; 23; 79;-56;14
 1;1979;1980;AFC Ajax;34;22; 6; 6; 77; 41; 36;50
 2;1979;1980;AZ '67 Alkmaar;34;20; 7; 7; 77; 36; 41;47
 3;1979;1980;PSV;34;18; 8; 8; 66; 37; 29;44
 4;1979;1980;Feyenoord;34;15;13; 6; 58; 36; 22;43
 5;1979;1980;FC Utrecht;34;14;11; 9; 49; 35; 14;39
 6;1979;1980;FC Twente;34;16; 7;11; 49; 41;  8;39
 7;1979;1980;Roda JC Kerkrade;34;14; 8;12; 51; 49;  2;36
 8;1979;1980;Willem II;34;11;12;11; 43; 63;-20;34
 9;1979;1980;SBV Excelsior;34;10;11;13; 56; 60; -4;31
10;1979;1980;FC Den Haag;34;11; 9;14; 38; 43; -5;31
11;1979;1980;MVV Maastricht;34;10;11;13; 46; 53; -7;31
12;1979;1980;Go Ahead Eagles;34;12; 6;16; 51; 52; -1;30
13;1979;1980;Sparta Rotterdam;34;10; 7;17; 45; 55;-10;27
14;1979;1980;PEC Zwolle;34; 9; 9;16; 36; 47;-11;27
15;1979;1980;NEC Nijmegen;34;11; 5;18; 33; 50;-17;27
16;1979;1980;NAC Breda;34;10; 7;17; 35; 59;-24;27
17;1979;1980;Vitesse;34; 6;13;15; 35; 59;-24;25
18;1979;1980;HFC Haarlem;34; 7;10;17; 38; 67;-29;24
 1;1980;1981;AZ '67 Alkmaar;34;27; 6; 1;101; 30; 71;60
 2;1980;1981;AFC Ajax;34;22; 4; 8; 88; 54; 34;48
 3;1980;1981;FC Utrecht;34;18; 9; 7; 67; 33; 34;45
 4;1980;1981;Feyenoord;34;18; 9; 7; 74; 48; 26;45
 5;1980;1981;PSV;34;18; 8; 8; 62; 31; 31;44
 6;1980;1981;FC Twente;34;16; 7;11; 60; 49; 11;39
 7;1980;1981;Sparta Rotterdam;34;15; 6;13; 75; 71;  4;36
 8;1980;1981;MVV Maastricht;34;12;10;12; 53; 65;-12;34
 9;1980;1981;PEC Zwolle;34;10;10;14; 42; 49; -7;30
10;1980;1981;Willem II;34;11; 7;16; 49; 69;-20;29
11;1980;1981;Roda JC Kerkrade;34; 9;10;15; 67; 75; -8;28
12;1980;1981;Go Ahead Eagles;34;10; 8;16; 63; 75;-12;28
13;1980;1981;NAC Breda;34; 9; 9;16; 46; 66;-20;27
14;1980;1981;FC Den Haag;34;12; 3;19; 53; 79;-26;27
15;1980;1981;FC Groningen;34; 8; 9;17; 49; 72;-23;25
16;1980;1981;NEC Nijmegen;34; 6;13;15; 38; 63;-25;25
17;1980;1981;SBV Excelsior;34; 5;11;18; 39; 67;-28;21
18;1980;1981;FC Wageningen;34; 6; 9;19; 33; 63;-30;21
 1;1981;1982;AFC Ajax;34;26; 4; 4;117; 42; 75;56
 2;1981;1982;PSV;34;24; 3; 7; 81; 38; 43;51
 3;1981;1982;AZ '67 Alkmaar;34;21; 5; 8; 74; 40; 34;47
 4;1981;1982;SBV Haarlem;34;17; 8; 9; 57; 41; 16;42
 5;1981;1982;FC Utrecht;34;17; 5;12; 56; 38; 18;39
 6;1981;1982;Feyenoord;34;13;12; 9; 61; 59;  2;38
 7;1981;1982;FC Groningen;34;14; 9;11; 68; 58; 10;37
 8;1981;1982;Sparta Rotterdam;34;13;10;11; 61; 48; 13;36
 9;1981;1982;Roda JC Kerkrade;34;15; 6;13; 60; 53;  7;36
10;1981;1982;Go Ahead Eagles;34;13; 9;12; 58; 49;  9;35
11;1981;1982;NAC Breda;34;12; 9;13; 42; 48; -6;33
12;1981;1982;FC Twente;34;13; 5;16; 50; 58; -8;31
13;1981;1982;NEC Nijmegen;34;11; 8;15; 41; 62;-21;30
14;1981;1982;Willem II;34;10; 7;17; 50; 64;-14;27
15;1981;1982;PEC Zwolle;34; 8;10;16; 45; 69;-24;26
16;1981;1982;MVV Maastricht;34; 6;11;17; 35; 70;-35;23
17;1981;1982;FC Den Haag;34; 4; 5;25; 29; 82;-53;13
18;1981;1982;De Graafschap;34; 3; 6;25; 29; 95;-66;12
 1;1982;1983;AFC Ajax;34;26; 6; 2;106; 41; 65;58
 2;1982;1983;Feyenoord;34;22;10; 2; 72; 39; 33;54
 3;1982;1983;PSV;34;21; 9; 4; 80; 34; 46;51
 4;1982;1983;Sparta Rotterdam;34;12;13; 9; 64; 52; 12;37
 5;1982;1983;FC Groningen;34;11;15; 8; 67; 57; 10;37
 6;1982;1983;Roda JC Kerkrade;34;13; 9;12; 56; 52;  4;35
 7;1982;1983;SBV Haarlem;34;13; 9;12; 49; 53; -4;35
 8;1982;1983;Fortuna Sittard;34;11;11;12; 41; 48; -7;33
 9;1982;1983;SBV Excelsior;34;13; 6;15; 44; 47; -3;32
10;1982;1983;FC Utrecht;34;11; 9;14; 51; 57; -6;31
11;1982;1983;AZ '67 Alkmaar;34;11; 8;15; 49; 40;  9;30
12;1982;1983;Go Ahead Eagles;34; 9;11;14; 44; 59;-15;29
13;1982;1983;PEC Zwolle '82;34;10; 7;17; 40; 58;-18;27
14;1982;1983;Willem II;34; 9; 8;17; 49; 62;-13;26
15;1982;1983;Helmond Sport;34; 8;10;16; 44; 70;-26;26
16;1982;1983;FC Twente;34; 7;11;16; 36; 60;-24;25
17;1982;1983;NAC Breda;34; 6;12;16; 39; 75;-36;24
18;1982;1983;NEC Nijmegen;34; 4;14;16; 34; 61;-27;22
 1;1983;1984;Feyenoord;34;25; 7; 2; 96; 31; 65;57
 2;1983;1984;PSV;34;23; 6; 5; 88; 32; 56;52
 3;1983;1984;AFC Ajax;34;22; 7; 5;100; 46; 54;51
 4;1983;1984;SBV Haarlem;34;14;13; 7; 59; 50;  9;41
 5;1983;1984;Sparta Rotterdam;34;12;13; 9; 77; 63; 14;37
 6;1983;1984;AZ '67 Alkmaar;34;14; 9;11; 64; 50; 14;37
 7;1983;1984;FC Groningen;34;14; 9;11; 64; 51; 13;37
 8;1983;1984;FC Utrecht;34;14; 8;12; 64; 74;-10;36
 9;1983;1984;Roda JC Kerkrade;34;13; 9;12; 55; 55;  0;35
10;1983;1984;FC Den Bosch '67;34;11;11;12; 48; 55; -7;33
11;1983;1984;Go Ahead Eagles;34;12; 8;14; 52; 63;-11;32
12;1983;1984;Fortuna Sittard;34;11; 9;14; 50; 55; -5;31
13;1983;1984;SBV Excelsior;34;13; 5;16; 56; 62; -6;31
14;1983;1984;PEC Zwolle '82;34;10; 9;15; 56; 70;-14;29
15;1983;1984;FC Volendam;34; 9; 8;17; 39; 68;-29;26
16;1983;1984;Helmond Sport;34; 4; 8;22; 49; 92;-43;16
17;1983;1984;Willem II;34; 5; 6;23; 27; 74;-47;16
18;1983;1984;Drechtsteden '79;34; 6; 3;25; 35; 88;-53;15
 1;1984;1985;AFC Ajax;34;24; 6; 4; 93; 46; 47;54
 2;1984;1985;PSV;34;17;14; 3; 84; 33; 51;48
 3;1984;1985;Feyenoord;34;21; 6; 7; 87; 51; 36;48
 4;1984;1985;Sparta Rotterdam;34;17; 8; 9; 62; 52; 10;42
 5;1984;1985;FC Groningen;34;15;11; 8; 57; 43; 14;41
 6;1984;1985;FC Den Bosch '67;34;10;16; 8; 45; 32; 13;36
 7;1984;1985;Fortuna Sittard;34;14; 6;14; 49; 48;  1;34
 8;1984;1985;FC Twente;34;12;10;12; 60; 64; -4;34
 9;1984;1985;SBV Haarlem;34;12; 9;13; 51; 57; -6;33
10;1984;1985;FC Utrecht;34;13; 6;15; 47; 42;  5;32
11;1984;1985;Roda JC Kerkrade;34;11;10;13; 51; 59; -8;32
12;1984;1985;SBV Excelsior;34; 9;12;13; 47; 51; -4;30
13;1984;1985;AZ '67 Alkmaar;34; 8;14;12; 59; 70;-11;30
14;1984;1985;MVV Maastricht;34;10; 9;15; 39; 55;-16;29
15;1984;1985;Go Ahead Eagles;34;11; 6;17; 46; 59;-13;28
16;1984;1985;FC Volendam;34; 9; 7;18; 37; 67;-30;25
17;1984;1985;NAC Breda;34; 7; 5;22; 35; 68;-33;19
18;1984;1985;PEC Zwolle '82;34; 4; 9;21; 34; 86;-52;17
 1;1985;1986;PSV;34;27; 6; 1;100; 22; 78;60
 2;1985;1986;AFC Ajax;34;25; 2; 7;120; 35; 85;52
 3;1985;1986;Feyenoord;34;19; 6; 9; 74; 50; 24;44
 4;1985;1986;FC Groningen;34;17; 6;11; 57; 40; 17;40
 5;1985;1986;Roda JC Kerkrade;34;16; 7;11; 76; 51; 25;39
 6;1985;1986;FC Den Bosch '67;34;13;11;10; 50; 41;  9;37
 7;1985;1986;Sparta Rotterdam;34;13;11;10; 54; 59; -5;37
 8;1985;1986;Fortuna Sittard;34;11;12;11; 47; 47;  0;34
 9;1985;1986;AZ '67 Alkmaar;34;11;12;11; 40; 55;-15;34
10;1985;1986;Go Ahead Eagles;34;13; 7;14; 47; 62;-15;33
11;1985;1986;SBV Haarlem;34;10;12;12; 48; 47;  1;32
12;1985;1986;FC Utrecht;34;11;10;13; 40; 46; -6;32
13;1985;1986;VVV-Venlo;34;11; 5;18; 39; 62;-23;27
14;1985;1986;FC Twente;34; 8;11;15; 36; 69;-33;27
15;1985;1986;SBV Excelsior;34; 9; 7;18; 31; 48;-17;25
16;1985;1986;MVV Maastricht;34; 8; 8;18; 34; 60;-26;24
17;1985;1986;NEC Nijmegen;34; 9; 5;20; 33; 59;-26;23
18;1985;1986;SC Heracles '74;34; 3; 6;25; 26; 99;-73;12
 1;1986;1987;PSV;34;27; 5; 2; 99; 21; 78;59
 2;1986;1987;AFC Ajax;34;25; 3; 6; 92; 30; 62;53
 3;1986;1987;Feyenoord;34;15;12; 7; 73; 43; 30;42
 4;1986;1987;Roda JC Kerkrade;34;15; 9;10; 51; 45;  6;39
 5;1986;1987;VVV-Venlo;34;10;17; 7; 46; 45;  1;37
 6;1986;1987;FC Utrecht;34;15; 6;13; 62; 56;  6;36
 7;1986;1987;FC Twente;34;12;12;10; 39; 44; -5;36
 8;1986;1987;Sparta Rotterdam;34;11;12;11; 52; 48;  4;34
 9;1986;1987;Fortuna Sittard;34;10;12;12; 47; 49; -2;32
10;1986;1987;FC Den Bosch '67;34;10;12;12; 43; 52; -9;32
11;1986;1987;PEC Zwolle '82;34;10;11;13; 61; 57;  4;31
12;1986;1987;SBV Haarlem;34;11; 9;14; 32; 57;-25;31
13;1986;1987;FC Groningen;34; 9;12;13; 43; 43;  0;30
14;1986;1987;FC Den Haag;34; 8;12;14; 46; 64;-18;28
15;1986;1987;AZ Alkmaar;34; 7;13;14; 31; 57;-26;27
16;1986;1987;Go Ahead Eagles;34; 5;13;16; 23; 48;-25;23
17;1986;1987;BV Veendam;34; 4;15;15; 37; 67;-30;23
18;1986;1987;SBV Excelsior;34; 5; 9;20; 40; 91;-51;19
 1;1987;1988;PSV;34;27; 5; 2;117; 28; 89;59
 2;1987;1988;AFC Ajax;34;23; 4; 7; 78; 40; 38;50
 3;1987;1988;FC Twente;34;16; 9; 9; 63; 40; 23;41
 4;1987;1988;Willem II;34;14;10;10; 60; 46; 14;38
 5;1987;1988;VVV-Venlo;34;13;12; 9; 43; 35;  8;38
 6;1987;1988;Feyenoord;34;14; 8;12; 63; 57;  6;36
 7;1987;1988;FC Den Bosch '67;34;15; 6;13; 46; 46;  0;36
 8;1987;1988;Fortuna Sittard;34;11;13;10; 51; 48;  3;35
 9;1987;1988;SBV Haarlem;34;14; 6;14; 42; 46; -4;34
10;1987;1988;FC Utrecht;34;11;11;12; 41; 55;-14;33
11;1987;1988;FC Groningen;34;13; 6;15; 54; 52;  2;32
12;1987;1988;Sparta Rotterdam;34;12; 8;14; 44; 50; -6;32
13;1987;1988;PEC Zwolle '82;34;10; 9;15; 40; 64;-24;29
14;1987;1988;FC Volendam;34;10; 9;15; 40; 66;-26;29
15;1987;1988;Roda JC Kerkrade;34;10; 8;16; 46; 54; -8;28
16;1987;1988;AZ Alkmaar;34; 9;10;15; 44; 64;-20;28
17;1987;1988;FC Den Haag;34; 7; 8;19; 50; 72;-22;22
18;1987;1988;Drechtsteden '79;34; 2; 8;24; 41;100;-59;12
 1;1988;1989;PSV;34;24; 5; 5; 78; 31; 47;53
 2;1988;1989;AFC Ajax;34;22; 6; 6; 74; 32; 42;50
 3;1988;1989;FC Twente;34;11;18; 5; 47; 25; 22;40
 4;1988;1989;Feyenoord;34;15;10; 9; 66; 52; 14;40
 5;1988;1989;Roda JC Kerkrade;34;13;12; 9; 52; 38; 14;38
 6;1988;1989;FC Groningen;34;14; 8;12; 62; 51; 11;36
 7;1988;1989;BVV Den Bosch;34;15; 6;13; 48; 53; -5;36
 8;1988;1989;Fortuna Sittard;34;11;12;11; 40; 37;  3;34
 9;1988;1989;FC Volendam;34;13; 7;14; 42; 51; -9;33
10;1988;1989;SBV Haarlem;34;11;11;12; 37; 50;-13;33
11;1988;1989;RKC Waalwijk;34;11; 9;14; 53; 61; -8;31
12;1988;1989;Sparta Rotterdam;34; 9;12;13; 42; 50; -8;30
13;1988;1989;FC Utrecht;34;11; 7;16; 49; 57; -8;29
14;1988;1989;MVV Maastricht;34;10; 9;15; 41; 58;-17;29
15;1988;1989;Willem II;34; 8;11;15; 50; 68;-18;27
16;1988;1989;PEC Zwolle '82;34; 8; 9;17; 48; 70;-22;25
17;1988;1989;VVV-Venlo;34; 5;14;15; 40; 62;-22;24
18;1988;1989;BV Veendam;34; 8; 8;18; 37; 60;-23;24
 1;1989;1990;AFC Ajax;34;19;11; 4; 67; 23; 44;49
 2;1989;1990;PSV;34;20; 8; 6; 94; 36; 58;48
 3;1989;1990;FC Twente;34;16;10; 8; 48; 43;  5;42
 4;1989;1990;Vitesse;34;15;11; 8; 49; 31; 18;41
 5;1989;1990;Roda JC Kerkrade;34;14;13; 7; 53; 39; 14;41
 6;1989;1990;FC Volendam;34;15; 9;10; 43; 38;  5;39
 7;1989;1990;Fortuna Sittard;34;12;14; 8; 42; 35;  7;38
 8;1989;1990;RKC Waalwijk;34;13;11;10; 45; 47; -2;37
 9;1989;1990;FC Groningen;34;10;15; 9; 50; 46;  4;35
10;1989;1990;FC Den Haag;34;13; 7;14; 58; 63; -5;33
11;1989;1990;Feyenoord;34; 9;13;12; 51; 45;  6;31
12;1989;1990;Sparta Rotterdam;34;12; 7;15; 51; 61;-10;31
13;1989;1990;Willem II;34; 7;13;14; 42; 49; -7;27
14;1989;1990;FC Utrecht;34; 8;11;15; 27; 45;-18;27
15;1989;1990;MVV Maastricht;34; 7;13;14; 38; 61;-23;27
16;1989;1990;NEC Nijmegen;34; 5;16;13; 32; 55;-23;26
17;1989;1990;BVV Den Bosch;34; 6;13;15; 30; 51;-21;25
18;1989;1990;SBV Haarlem;34; 4; 7;23; 22; 74;-52;15
 1;1990;1991;PSV;34;23; 7; 4; 84; 28; 56;53
 2;1990;1991;AFC Ajax;34;22; 9; 3; 75; 21; 54;53
 3;1990;1991;FC Groningen;34;18;10; 6; 62; 38; 24;46
 4;1990;1991;FC Utrecht;34;16;10; 8; 42; 29; 13;42
 5;1990;1991;Vitesse;34;11;15; 8; 39; 32;  7;37
 6;1990;1991;FC Twente;34;13;10;11; 58; 48; 10;36
 7;1990;1991;RKC Waalwijk;34;11;13;10; 51; 49;  2;35
 8;1990;1991;Feyenoord;34; 8;16;10; 39; 40; -1;32
 9;1990;1991;FC Volendam;34;10;12;12; 37; 45; -8;32
10;1990;1991;Roda JC Kerkrade;34;12; 7;15; 40; 53;-13;31
11;1990;1991;Willem II;34;13; 4;17; 53; 50;  3;30
12;1990;1991;Fortuna Sittard;34; 9;12;13; 33; 47;-14;30
13;1990;1991;Sparta Rotterdam;34; 7;15;12; 40; 57;-17;29
14;1990;1991;FC Den Haag;34;10; 8;16; 40; 60;-20;28
15;1990;1991;MVV Maastricht;34; 9; 9;16; 38; 56;-18;27
16;1990;1991;SVV Schiedam;34; 8; 8;18; 31; 52;-21;24
17;1990;1991;sc Heerenveen;34; 9; 6;19; 41; 63;-22;24
18;1990;1991;NEC Nijmegen;34; 6;11;17; 27; 62;-35;23
 1;1991;1992;PSV;34;25; 8; 1; 82; 24; 58;58
 2;1991;1992;AFC Ajax;34;25; 5; 4; 83; 24; 59;55
 3;1991;1992;Feyenoord;34;20; 9; 5; 54; 19; 35;49
 4;1991;1992;Vitesse;34;15;10; 9; 47; 33; 14;40
 5;1991;1992;FC Groningen;34;14;11; 9; 44; 37;  7;39
 6;1991;1992;FC Twente;34;13; 9;12; 53; 49;  4;35
 7;1991;1992;MVV Maastricht;34;11;13;10; 42; 44; -2;35
 8;1991;1992;Sparta Rotterdam;34;11;13;10; 50; 53; -3;35
 9;1991;1992;Roda JC Kerkrade;34;12;11;11; 41; 45; -4;35
10;1991;1992;RKC Waalwijk;34;10;14;10; 50; 49;  1;34
11;1991;1992;FC Utrecht;34; 9;15;10; 37; 39; -2;33
12;1991;1992;Willem II;34;11; 9;14; 44; 45; -1;31
13;1991;1992;FC Volendam;34;10; 8;16; 34; 50;-16;28
14;1991;1992;Fortuna Sittard;34; 7;11;16; 36; 50;-14;25
15;1991;1992;SVV/Dordrecht '90;34; 9; 7;18; 38; 64;-26;25
16;1991;1992;FC Den Haag;34; 6;10;18; 35; 63;-28;22
17;1991;1992;De Graafschap;34; 6; 9;19; 29; 59;-30;21
18;1991;1992;VVV-Venlo;34; 3; 6;25; 32; 84;-52;12
 1;1992;1993;Feyenoord;34;22; 9; 3; 82; 32; 50;53
 2;1992;1993;PSV;34;22; 7; 5; 81; 34; 47;51
 3;1992;1993;AFC Ajax;34;20; 9; 5; 87; 30; 57;49
 4;1992;1993;Vitesse;34;16;14; 4; 58; 29; 29;46
 5;1992;1993;FC Twente;34;17; 8; 9; 64; 39; 25;42
 6;1992;1993;FC Volendam;34;12;13; 9; 51; 34; 17;37
 7;1992;1993;MVV Maastricht;34;15; 7;12; 49; 47;  2;37
 8;1992;1993;FC Utrecht;34;12;11;11; 44; 40;  4;35
 9;1992;1993;RKC Waalwijk;34;12; 9;13; 49; 57; -8;33
10;1992;1993;Willem II;34;12; 8;14; 41; 38;  3;32
11;1992;1993;Roda JC Kerkrade;34;11; 7;16; 51; 59; -8;29
12;1992;1993;FC Groningen;34; 9;11;14; 31; 49;-18;29
13;1992;1993;Sparta Rotterdam;34; 8;11;15; 36; 65;-29;27
14;1992;1993;SC Cambuur;34; 6;13;15; 39; 58;-19;25
15;1992;1993;Go Ahead Eagles;34; 8; 9;17; 36; 64;-28;25
16;1992;1993;Fortuna Sittard;34; 7; 7;20; 34; 76;-42;21
17;1992;1993;FC Den Bosch;34; 6; 9;19; 35; 79;-44;21
18;1992;1993;Dordrecht '90;34; 5;10;19; 30; 68;-38;20
 1;1993;1994;AFC Ajax;34;26; 2; 6; 86; 26; 60;54
 2;1993;1994;Feyenoord;34;19;13; 2; 61; 27; 34;51
 3;1993;1994;PSV;34;17;10; 7; 60; 36; 24;44
 4;1993;1994;Vitesse;34;17; 6;11; 63; 37; 26;40
 5;1993;1994;FC Twente;34;15; 9;10; 57; 43; 14;39
 6;1993;1994;Roda JC Kerkrade;34;15; 8;11; 55; 40; 15;38
 7;1993;1994;NAC Breda;34;14;10;10; 61; 52;  9;38
 8;1993;1994;Willem II;34;15; 7;12; 48; 42;  6;37
 9;1993;1994;Sparta Rotterdam;34;12; 8;14; 58; 57;  1;32
10;1993;1994;MVV Maastricht;34;11;10;13; 49; 58; -9;32
11;1993;1994;FC Volendam;34;13; 4;17; 46; 55; -9;30
12;1993;1994;Go Ahead Eagles;34;10; 8;16; 44; 57;-13;28
13;1993;1994;sc Heerenveen;34; 9;10;15; 35; 61;-26;28
14;1993;1994;FC Groningen;34; 9; 8;17; 42; 65;-23;26
15;1993;1994;FC Utrecht;34; 9; 8;17; 40; 63;-23;26
16;1993;1994;RKC Waalwijk;34; 8; 9;17; 38; 56;-18;25
17;1993;1994;VVV-Venlo;34; 7;11;16; 30; 62;-32;25
18;1993;1994;SC Cambuur;34; 6; 7;21; 28; 64;-36;19
 1;1994;1995;AFC Ajax;34;27; 7; 0;106; 28; 78;61
 2;1994;1995;Roda JC Kerkrade;34;22;10; 2; 70; 28; 42;54
 3;1994;1995;PSV;34;20; 7; 7; 85; 46; 39;47
 4;1994;1995;Feyenoord;34;19; 5;10; 66; 56; 10;43
 5;1994;1995;FC Twente;34;17; 8; 9; 66; 50; 16;42
 6;1994;1995;Vitesse;34;14;12; 8; 55; 44; 11;40
 7;1994;1995;Willem II;34;13; 8;13; 44; 48; -4;34
 8;1994;1995;RKC Waalwijk;34;11;11;12; 46; 49; -3;33
 9;1994;1995;sc Heerenveen;34;12; 6;16; 47; 60;-13;30
10;1994;1995;NAC Breda;34;11; 7;16; 54; 60; -6;29
11;1994;1995;FC Volendam;34; 8;13;13; 37; 55;-18;29
12;1994;1995;FC Utrecht;34; 8;11;15; 43; 60;-17;27
13;1994;1995;FC Groningen;34; 8;10;16; 49; 64;-15;26
14;1994;1995;Sparta Rotterdam;34; 8;10;16; 42; 58;-16;26
15;1994;1995;NEC Nijmegen;34; 9; 7;18; 48; 60;-12;25
16;1994;1995;MVV Maastricht;34; 7; 9;18; 41; 71;-30;23
17;1994;1995;Go Ahead Eagles;34; 7; 9;18; 42; 77;-35;23
18;1994;1995;Dordrecht '90;34; 5;10;19; 40; 67;-27;20
 1;1995;1996;AFC Ajax;34;26; 5; 3; 97; 24; 73;83
 2;1995;1996;PSV;34;24; 5; 5; 97; 25; 72;77
 3;1995;1996;Feyenoord;34;18; 9; 7; 66; 36; 30;63
 4;1995;1996;Roda JC Kerkrade;34;15;12; 7; 51; 35; 16;57
 5;1995;1996;Vitesse;34;15; 8;11; 48; 44;  4;53
 6;1995;1996;Sparta Rotterdam;34;14;11; 9; 53; 53;  0;53
 7;1995;1996;sc Heerenveen;34;14;11; 9; 66; 68; -2;53
 8;1995;1996;NAC Breda;34;14;10;10; 58; 44; 14;52
 9;1995;1996;FC Groningen;34;12;13; 9; 48; 45;  3;49
10;1995;1996;FC Twente;34;14; 6;14; 46; 55; -9;48
11;1995;1996;RKC Waalwijk;34;11;11;12; 44; 44;  0;44
12;1995;1996;Willem II;34; 9;12;13; 53; 59; -6;39
13;1995;1996;Fortuna Sittard;34; 6;13;15; 27; 54;-27;31
14;1995;1996;De Graafschap;34; 6;11;17; 37; 66;-29;29
15;1995;1996;FC Utrecht;34; 6;10;18; 27; 59;-32;28
16;1995;1996;FC Volendam;34; 6; 9;19; 29; 65;-36;27
17;1995;1996;NEC Nijmegen;34; 6; 7;21; 33; 73;-40;25
18;1995;1996;Go Ahead Eagles;34; 5; 7;22; 40; 71;-31;22
 1;1996;1997;PSV;34;24; 5; 5; 90; 26; 64;77
 2;1996;1997;Feyenoord;34;22; 7; 5; 67; 34; 33;73
 3;1996;1997;FC Twente;34;20; 5; 9; 60; 33; 27;65
 4;1996;1997;AFC Ajax;34;17;10; 7; 55; 31; 24;61
 5;1996;1997;Vitesse;34;15;10; 9; 53; 41; 12;55
 6;1996;1997;Roda JC Kerkrade;34;16; 7;11; 56; 47;  9;55
 7;1996;1997;sc Heerenveen;34;13;11;10; 58; 47; 11;50
 8;1996;1997;De Graafschap;34;13; 6;15; 52; 55; -3;45
 9;1996;1997;NAC Breda;34;10;10;14; 41; 54;-13;40
10;1996;1997;FC Groningen;34; 9;12;13; 43; 56;-13;39
11;1996;1997;Fortuna Sittard;34; 9;12;13; 36; 52;-16;39
12;1996;1997;FC Utrecht;34; 8;14;12; 42; 52;-10;38
13;1996;1997;Sparta Rotterdam;34;11; 5;18; 40; 56;-16;38
14;1996;1997;FC Volendam;34; 9;11;14; 36; 55;-19;38
15;1996;1997;Willem II;34; 9; 8;17; 34; 51;-17;35
16;1996;1997;RKC Waalwijk;34; 9; 7;18; 39; 61;-22;34
17;1996;1997;NEC Nijmegen;34; 7;11;16; 35; 61;-26;32
18;1996;1997;AZ Alkmaar;34; 6; 7;21; 27; 52;-25;25
 1;1997;1998;AFC Ajax;34;29; 2; 3;112; 22; 90;89
 2;1997;1998;PSV;34;21; 9; 4; 95; 44; 51;72
 3;1997;1998;Vitesse;34;21; 7; 6; 85; 48; 37;70
 4;1997;1998;Feyenoord;34;18; 7; 9; 62; 40; 22;61
 5;1997;1998;Willem II;34;17; 4;13; 66; 58;  8;55
 6;1997;1998;sc Heerenveen;34;16; 7;11; 56; 59; -3;55
 7;1997;1998;Fortuna Sittard;34;14; 6;14; 51; 53; -2;48
 8;1997;1998;NEC Nijmegen;34;14; 2;18; 40; 57;-17;44
 9;1997;1998;FC Twente;34;11;10;13; 41; 42; -1;43
10;1997;1998;FC Utrecht;34;13; 4;17; 56; 64; -8;43
11;1997;1998;De Graafschap;34;11; 9;14; 45; 49; -4;42
12;1997;1998;NAC Breda;34;12; 6;16; 41; 49; -8;42
13;1997;1998;Sparta Rotterdam;34;10;11;13; 50; 59; -9;41
14;1997;1998;Roda JC Kerkrade;34;10; 8;16; 44; 45; -1;38
15;1997;1998;MVV Maastricht;34; 9; 5;20; 35; 75;-40;32
16;1997;1998;RKC Waalwijk;34; 8; 7;19; 48; 71;-23;31
17;1997;1998;FC Groningen;34; 7;10;17; 42; 65;-23;31
18;1997;1998;FC Volendam;34; 5; 6;23; 33;102;-69;21
 1;1998;1999;Feyenoord;34;25; 5; 4; 76; 38; 38;80
 2;1998;1999;Willem II;34;20; 5; 9; 69; 46; 23;65
 3;1998;1999;PSV;34;17;10; 7; 87; 55; 32;61
 4;1998;1999;Vitesse;34;18; 7; 9; 61; 44; 17;61
 5;1998;1999;Roda JC Kerkrade;34;17; 9; 8; 59; 40; 19;60
 6;1998;1999;AFC Ajax;34;16; 9; 9; 73; 41; 32;57
 7;1998;1999;sc Heerenveen;34;14;12; 8; 53; 41; 12;54
 8;1998;1999;FC Twente;34;13;13; 8; 51; 45;  6;52
 9;1998;1999;AZ Alkmaar;34;12;12;10; 52; 60; -8;48
10;1998;1999;Fortuna Sittard;34;12; 8;14; 49; 56; -7;44
11;1998;1999;NEC Nijmegen;34;10; 9;15; 42; 56;-14;39
12;1998;1999;FC Utrecht;34;10; 8;16; 54; 64;-10;38
13;1998;1999;De Graafschap;34; 8;12;14; 40; 57;-17;36
14;1998;1999;MVV Maastricht;34; 7;11;16; 42; 63;-21;32
15;1998;1999;SC Cambuur;34; 7;11;16; 37; 64;-27;32
16;1998;1999;RKC Waalwijk;34; 6; 9;19; 41; 62;-21;27
17;1998;1999;Sparta Rotterdam;34; 7; 5;22; 37; 71;-34;26
18;1998;1999;NAC Breda;34; 4;11;19; 41; 61;-20;23
 1;1999;2000;PSV;34;27; 3; 4;105; 24; 81;84
 2;1999;2000;sc Heerenveen;34;21; 5; 8; 65; 36; 29;68
 3;1999;2000;Feyenoord;34;18;10; 6; 66; 42; 24;64
 4;1999;2000;Vitesse;34;18; 9; 7; 67; 43; 24;63
 5;1999;2000;AFC Ajax;34;18; 7; 9; 72; 51; 21;61
 6;1999;2000;FC Twente;34;16;12; 6; 57; 37; 20;60
 7;1999;2000;AZ Alkmaar;34;17; 4;13; 69; 59; 10;55
 8;1999;2000;Roda JC Kerkrade;34;16; 7;11; 62; 53;  9;55
 9;1999;2000;Willem II;34;13; 9;12; 55; 65;-10;48
10;1999;2000;FC Utrecht;34;14; 4;16; 55; 61; -6;46
11;1999;2000;RKC Waalwijk;34;12; 6;16; 44; 67;-23;42
12;1999;2000;Fortuna Sittard;34;10; 8;16; 47; 54; -7;38
13;1999;2000;Sparta Rotterdam;34;11; 4;19; 48; 75;-27;37
14;1999;2000;De Graafschap;34; 8; 9;17; 41; 60;-19;33
15;1999;2000;NEC Nijmegen;34; 7; 6;21; 35; 62;-27;27
16;1999;2000;MVV Maastricht;34; 6; 7;21; 38; 68;-30;25
17;1999;2000;SC Cambuur;34; 6; 7;21; 35; 66;-31;25
18;1999;2000;FC Den Bosch;34; 4;11;19; 36; 74;-38;23
 1;2000;2001;PSV;34;25; 8; 1; 73; 23; 50;83
 2;2000;2001;Feyenoord;34;21; 3;10; 67; 37; 30;66
 3;2000;2001;AFC Ajax;34;18; 7; 9; 85; 43; 42;61
 4;2000;2001;Roda JC Kerkrade;34;17; 8; 9; 59; 41; 18;59
 5;2000;2001;FC Utrecht;34;17; 8; 9; 58; 43; 15;59
 6;2000;2001;Vitesse;34;16;11; 7; 56; 43; 13;59
 7;2000;2001;RKC Waalwijk;34;16;11; 7; 48; 36; 12;59
 8;2000;2001;Willem II;34;14; 9;11; 60; 50; 10;51
 9;2000;2001;NAC Breda;34;13;10;11; 41; 40;  1;49
10;2000;2001;sc Heerenveen;34;11;14; 9; 51; 42;  9;47
11;2000;2001;FC Twente;34;10;11;13; 47; 60;-13;41
12;2000;2001;NEC Nijmegen;34; 9;13;12; 42; 53;-11;40
13;2000;2001;AZ Alkmaar;34; 9; 8;17; 45; 63;-18;35
14;2000;2001;FC Groningen;34; 8; 9;17; 36; 56;-20;33
15;2000;2001;De Graafschap;34; 9; 4;21; 44; 66;-22;31
16;2000;2001;Fortuna Sittard;34; 8; 7;19; 31; 64;-33;31
17;2000;2001;Sparta Rotterdam;34; 6; 7;21; 42; 72;-30;25
18;2000;2001;RBC Roosendaal;34; 4; 2;28; 37; 90;-53;14
 1;2001;2002;AFC Ajax;33;21; 7; 5; 71; 34; 37;70
 2;2001;2002;PSV;33;20; 7; 6; 75; 30; 45;67
 3;2001;2002;Feyenoord;33;19; 6; 8; 68; 29; 39;63
 4;2001;2002;Vitesse;33;16;12; 5; 43; 31; 12;60
 5;2001;2002;sc Heerenveen;33;17; 8; 8; 57; 27; 30;59
 6;2001;2002;NAC Breda;33;15; 8;10; 55; 52;  3;53
 7;2001;2002;FC Utrecht;33;14; 8;11; 60; 51;  9;50
 8;2001;2002;RKC Waalwijk;33;13; 6;14; 46; 42;  4;45
 9;2001;2002;NEC Nijmegen;33;13; 6;14; 38; 57;-19;45
10;2001;2002;Willem II;33;10;12;11; 54; 61; -7;42
11;2001;2002;FC Twente;33;10;11;12; 41; 41;  0;41
12;2001;2002;AZ Alkmaar;33;11; 7;15; 42; 45; -3;40
13;2001;2002;Roda JC Kerkrade;33;11; 7;15; 33; 45;-12;40
14;2001;2002;De Graafschap;33;10; 6;17; 41; 53;-12;36
15;2001;2002;FC Groningen;33;10; 6;17; 40; 59;-19;36
16;2001;2002;FC Den Bosch;33; 8; 9;16; 40; 54;-14;33
17;2001;2002;Sparta Rotterdam;33; 4;11;18; 26; 75;-49;23
18;2001;2002;Fortuna Sittard;33; 3; 7;23; 27; 71;-44;16
 1;2002;2003;PSV;34;26; 6; 2; 87; 20; 67;84
 2;2002;2003;AFC Ajax;34;26; 5; 3; 96; 32; 64;83
 3;2002;2003;Feyenoord;34;25; 5; 4; 89; 39; 50;80
 4;2002;2003;NAC Breda;34;13;13; 8; 42; 31; 11;52
 5;2002;2003;NEC Nijmegen;34;14; 9;11; 41; 40;  1;51
 6;2002;2003;Roda JC Kerkrade;34;14; 8;12; 58; 54;  4;50
 7;2002;2003;sc Heerenveen;34;13; 8;13; 61; 55;  6;47
 8;2002;2003;FC Utrecht;34;12;11;11; 49; 49;  0;47
 9;2002;2003;RKC Waalwijk;34;14; 4;16; 44; 51; -7;46
10;2002;2003;AZ Alkmaar;34;12; 8;14; 50; 69;-19;44
11;2002;2003;Willem II;34;11; 9;14; 48; 51; -3;42
12;2002;2003;FC Twente;34;10;11;13; 36; 45; -9;41
13;2002;2003;RBC Roosendaal;34;10; 6;18; 33; 54;-21;36
14;2002;2003;Vitesse;34; 8; 9;17; 37; 51;-14;33
15;2002;2003;FC Groningen;34; 7;11;16; 28; 44;-16;32
16;2002;2003;FC Zwolle;34; 8; 8;18; 31; 62;-31;32
17;2002;2003;SBV Excelsior;34; 5; 8;21; 38; 72;-34;23
18;2002;2003;De Graafschap;34; 6; 5;23; 35; 84;-49;23
 1;2003;2004;AFC Ajax;34;25; 5; 4; 79; 31; 48;80
 2;2003;2004;PSV;34;23; 5; 6; 92; 30; 62;74
 3;2003;2004;Feyenoord;34;20; 8; 6; 71; 38; 33;68
 4;2003;2004;sc Heerenveen;34;17; 7;10; 45; 35; 10;58
 5;2003;2004;AZ Alkmaar;34;17; 6;11; 65; 42; 23;57
 6;2003;2004;Roda JC Kerkrade;34;14;11; 9; 60; 41; 19;53
 7;2003;2004;Willem II;34;13;10;11; 47; 54; -7;49
 8;2003;2004;FC Twente;34;15; 3;16; 56; 53;  3;48
 9;2003;2004;NAC Breda;34;12;10;12; 58; 55;  3;46
10;2003;2004;FC Utrecht;34;13; 7;14; 42; 52;-10;46
11;2003;2004;RKC Waalwijk;34;10;10;14; 47; 55; -8;40
12;2003;2004;RBC Roosendaal;34;10;10;14; 34; 47;-13;40
13;2003;2004;FC Groningen;34; 9;10;15; 38; 53;-15;37
14;2003;2004;NEC Nijmegen;34;10; 4;20; 44; 62;-18;34
15;2003;2004;ADO Den Haag;34; 9; 7;18; 36; 61;-25;34
16;2003;2004;Vitesse;34; 4;16;14; 39; 56;-17;28
17;2003;2004;FC Volendam;34; 7; 6;21; 31; 79;-48;27
18;2003;2004;FC Zwolle;34; 5;11;18; 27; 67;-40;26
 1;2004;2005;PSV;34;27; 6; 1; 89; 18; 71;87
 2;2004;2005;AFC Ajax;34;24; 5; 5; 74; 33; 41;77
 3;2004;2005;AZ Alkmaar;34;19; 7; 8; 71; 41; 30;64
 4;2004;2005;Feyenoord;34;19; 5;10; 90; 51; 39;62
 5;2004;2005;sc Heerenveen;34;18; 6;10; 64; 52; 12;60
 6;2004;2005;FC Twente;34;15; 9;10; 48; 38; 10;54
 7;2004;2005;Vitesse;34;16; 6;12; 53; 49;  4;54
 8;2004;2005;Roda JC Kerkrade;34;13; 8;13; 60; 55;  5;47
 9;2004;2005;RKC Waalwijk;34;13; 8;13; 44; 51; -7;47
10;2004;2005;Willem II;34;13; 6;15; 44; 56;-12;45
11;2004;2005;FC Utrecht;34;12; 8;14; 40; 43; -3;44
12;2004;2005;FC Groningen;34;11; 7;16; 50; 58; -8;40
13;2004;2005;NEC Nijmegen;34; 9;10;15; 41; 47; -6;37
14;2004;2005;ADO Den Haag;34;10; 6;18; 44; 59;-15;36
15;2004;2005;NAC Breda;34; 9; 8;17; 43; 67;-24;35
16;2004;2005;RBC Roosendaal;34;10; 2;22; 38; 77;-39;32
17;2004;2005;De Graafschap;34; 4; 7;23; 32; 78;-46;19
18;2004;2005;FC Den Bosch;34; 5; 4;25; 23; 75;-52;19
 1;2005;2006;PSV;34;26; 6; 2; 71; 23; 48;84
 2;2005;2006;AZ Alkmaar;34;23; 5; 6; 78; 32; 46;74
 3;2005;2006;Feyenoord;34;21; 8; 5; 79; 34; 45;71
 4;2005;2006;AFC Ajax;34;18; 6;10; 66; 41; 25;60
 5;2005;2006;FC Groningen;34;16; 8;10; 46; 43;  3;56
 6;2005;2006;FC Utrecht;34;16; 7;11; 48; 44;  4;55
 7;2005;2006;sc Heerenveen;34;14; 8;12; 63; 58;  5;50
 8;2005;2006;Roda JC Kerkrade;34;15; 5;14; 57; 54;  3;50
 9;2005;2006;FC Twente;34;13; 8;13; 44; 36;  8;47
10;2005;2006;NEC Nijmegen;34;13; 8;13; 43; 43;  0;47
11;2005;2006;Vitesse;34;13; 5;16; 52; 54; -2;44
12;2005;2006;RKC Waalwijk;34;11; 6;17; 48; 58;-10;39
13;2005;2006;Heracles Almelo;34;11; 6;17; 35; 58;-23;39
14;2005;2006;Sparta Rotterdam;34;10; 7;17; 34; 50;-16;37
15;2005;2006;ADO Den Haag;34;10; 5;19; 36; 62;-26;35
16;2005;2006;NAC Breda;34; 8; 9;17; 45; 66;-21;33
17;2005;2006;Willem II;34; 7; 7;20; 45; 66;-21;28
18;2005;2006;RBC Roosendaal;34; 1; 6;27; 22; 90;-68; 9
 1;2006;2007;PSV;34;23; 6; 5; 75; 25; 50;75
 2;2006;2007;AFC Ajax;34;23; 6; 5; 84; 35; 49;75
 3;2006;2007;AZ Alkmaar;34;21; 9; 4; 83; 31; 52;72
 4;2006;2007;FC Twente;34;19; 9; 6; 67; 37; 30;66
 5;2006;2007;sc Heerenveen;34;16; 7;11; 60; 43; 17;55
 6;2006;2007;Roda JC Kerkrade;34;15; 9;10; 47; 36; 11;54
 7;2006;2007;Feyenoord;34;15; 8;11; 56; 66;-10;53
 8;2006;2007;FC Groningen;34;15; 6;13; 54; 54;  0;51
 9;2006;2007;FC Utrecht;34;13; 9;12; 41; 44; -3;48
10;2006;2007;NEC Nijmegen;34;12; 8;14; 36; 44; -8;44
11;2006;2007;NAC Breda;34;12; 7;15; 43; 54;-11;43
12;2006;2007;Vitesse;34;10; 8;16; 50; 55; -5;38
13;2006;2007;Sparta Rotterdam;34;10; 7;17; 40; 66;-26;37
14;2006;2007;Heracles Almelo;34; 7;11;16; 32; 64;-32;32
15;2006;2007;Willem II;34; 8; 7;19; 31; 64;-33;31
16;2006;2007;SBV Excelsior;34; 8; 6;20; 43; 65;-22;30
17;2006;2007;RKC Waalwijk;34; 6; 9;19; 33; 60;-27;27
18;2006;2007;ADO Den Haag;34; 3; 8;23; 40; 72;-32;17
 1;2007;2008;PSV;34;21; 9; 4; 65; 24; 41;72
 2;2007;2008;AFC Ajax;34;20; 9; 5; 94; 45; 49;69
 3;2007;2008;NAC Breda;34;19; 6; 9; 48; 40;  8;63
 4;2007;2008;FC Twente;34;17;11; 6; 52; 32; 20;62
 5;2007;2008;sc Heerenveen;34;18; 6;10; 88; 48; 40;60
 6;2007;2008;Feyenoord;34;18; 6;10; 64; 41; 23;60
 7;2007;2008;FC Groningen;34;15; 6;13; 53; 54; -1;51
 8;2007;2008;NEC Nijmegen;34;14; 7;13; 49; 50; -1;49
 9;2007;2008;Roda JC Kerkrade;34;12;11;11; 55; 55;  0;47
10;2007;2008;FC Utrecht;34;13; 7;14; 59; 55;  4;46
11;2007;2008;AZ Alkmaar;34;11;10;13; 48; 53; -5;43
12;2007;2008;Vitesse;34;12; 7;15; 46; 55; -9;43
13;2007;2008;Sparta Rotterdam;34; 9; 7;18; 52; 76;-24;34
14;2007;2008;Heracles Almelo;34; 8; 8;18; 34; 64;-30;32
15;2007;2008;Willem II;34; 8; 7;19; 40; 49; -9;31
16;2007;2008;De Graafschap;34; 7; 9;18; 33; 64;-31;30
17;2007;2008;VVV-Venlo;34; 7; 8;19; 44; 76;-32;29
18;2007;2008;SBV Excelsior;34; 7; 6;21; 32; 75;-43;27
 1;2008;2009;AZ Alkmaar;34;25; 5; 4; 66; 22; 44;80
 2;2008;2009;FC Twente;34;20; 9; 5; 62; 31; 31;69
 3;2008;2009;AFC Ajax;34;21; 5; 8; 74; 41; 33;68
 4;2008;2009;PSV;34;19; 8; 7; 71; 33; 38;65
 5;2008;2009;sc Heerenveen;34;17; 9; 8; 66; 57;  9;60
 6;2008;2009;FC Groningen;34;17; 5;12; 53; 36; 17;56
 7;2008;2009;Feyenoord;34;12; 9;13; 54; 46;  8;45
 8;2008;2009;NAC Breda;34;13; 6;15; 44; 54;-10;45
 9;2008;2009;FC Utrecht;34;11;11;12; 41; 44; -3;44
10;2008;2009;Vitesse;34;11;10;13; 41; 48; -7;43
11;2008;2009;NEC Nijmegen;34; 9;15;10; 41; 40;  1;42
12;2008;2009;Willem II;34;10; 7;17; 35; 58;-23;37
13;2008;2009;Sparta Rotterdam;34; 9; 8;17; 46; 66;-20;35
14;2008;2009;ADO Den Haag;34; 8; 8;18; 41; 58;-17;32
15;2008;2009;Heracles Almelo;34; 7;11;16; 35; 53;-18;32
16;2008;2009;Roda JC Kerkrade;34; 7; 9;18; 38; 58;-20;30
17;2008;2009;De Graafschap;34; 7; 9;18; 24; 58;-34;30
18;2008;2009;FC Volendam;34; 7; 8;19; 38; 67;-29;29
 1;2009;2010;FC Twente;34;27; 5; 2; 63; 23; 40;86
 2;2009;2010;AFC Ajax;34;27; 4; 3;106; 20; 86;85
 3;2009;2010;PSV;34;23; 9; 2; 72; 29; 43;78
 4;2009;2010;Feyenoord;34;17;12; 5; 54; 31; 23;63
 5;2009;2010;AZ Alkmaar;34;19; 5;10; 64; 34; 30;62
 6;2009;2010;Heracles Almelo;34;17; 5;12; 54; 49;  5;56
 7;2009;2010;FC Utrecht;34;14;11; 9; 39; 33;  6;53
 8;2009;2010;FC Groningen;34;14; 7;13; 48; 47;  1;49
 9;2009;2010;Roda JC Kerkrade;34;14; 5;15; 56; 60; -4;47
10;2009;2010;NAC Breda;34;12;10;12; 42; 49; -7;46
11;2009;2010;sc Heerenveen;34;11; 4;19; 44; 64;-20;37
12;2009;2010;VVV-Venlo;34; 8;11;15; 43; 57;-14;35
13;2009;2010;NEC Nijmegen;34; 8; 9;17; 35; 59;-24;33
14;2009;2010;Vitesse;34; 8; 8;18; 38; 62;-24;32
15;2009;2010;ADO Den Haag;34; 7; 9;18; 38; 59;-21;30
16;2009;2010;Sparta Rotterdam;34; 6; 8;20; 30; 66;-36;26
17;2009;2010;Willem II;34; 7; 2;25; 36; 70;-34;23
18;2009;2010;RKC Waalwijk;34; 5; 0;29; 30; 80;-50;15
 1;2010;2011;AFC Ajax;34;22; 7; 5; 72; 30; 42;73
 2;2010;2011;FC Twente;34;21; 8; 5; 65; 34; 31;71
 3;2010;2011;PSV;34;20; 9; 5; 79; 34; 45;69
 4;2010;2011;AZ Alkmaar;34;17; 8; 9; 55; 44; 11;59
 5;2010;2011;FC Groningen;34;17; 6;11; 65; 52; 13;57
 6;2010;2011;Roda JC Kerkrade;34;14;13; 7; 65; 50; 15;55
 7;2010;2011;ADO Den Haag;34;16; 6;12; 63; 55;  8;54
 8;2010;2011;Heracles Almelo;34;14; 7;13; 65; 56;  9;49
 9;2010;2011;FC Utrecht;34;13; 8;13; 55; 51;  4;47
10;2010;2011;Feyenoord;34;12; 8;14; 53; 54; -1;44
11;2010;2011;NEC Nijmegen;34;10;13;11; 57; 56;  1;43
12;2010;2011;sc Heerenveen;34;10;11;13; 60; 54;  6;41
13;2010;2011;NAC Breda;34;12; 5;17; 44; 60;-16;40
14;2010;2011;De Graafschap;34; 9;11;14; 31; 56;-25;38
15;2010;2011;Vitesse;34; 9; 8;17; 42; 61;-19;35
16;2010;2011;SBV Excelsior;34;10; 5;19; 45; 66;-21;35
17;2010;2011;VVV-Venlo;34; 6; 3;25; 34; 76;-42;21
18;2010;2011;Willem II;34; 3; 6;25; 37; 98;-61;15
 1;2011;2012;AFC Ajax;34;23; 7; 4; 93; 36; 57;76
 2;2011;2012;Feyenoord;34;21; 7; 6; 70; 37; 33;70
 3;2011;2012;PSV;34;21; 6; 7; 87; 47; 40;69
 4;2011;2012;AZ Alkmaar;34;19; 8; 7; 64; 35; 29;65
 5;2011;2012;sc Heerenveen;34;18;10; 6; 79; 59; 20;64
 6;2011;2012;FC Twente;34;17; 9; 8; 82; 46; 36;60
 7;2011;2012;Vitesse;34;15; 8;11; 48; 43;  5;53
 8;2011;2012;NEC Nijmegen;34;13; 6;15; 42; 45; -3;45
 9;2011;2012;RKC Waalwijk;34;13; 6;15; 40; 49; -9;45
10;2011;2012;Roda JC Kerkrade;34;14; 2;18; 55; 70;-15;44
11;2011;2012;FC Utrecht;34;11;10;13; 55; 58; -3;43
12;2011;2012;Heracles Almelo;34;11; 7;16; 52; 62;-10;40
13;2011;2012;NAC Breda;34;10; 8;16; 45; 54; -9;38
14;2011;2012;FC Groningen;34;10; 7;17; 41; 61;-20;37
15;2011;2012;ADO Den Haag;34; 8; 8;18; 38; 67;-29;32
16;2011;2012;VVV-Venlo;34; 9; 4;21; 42; 78;-36;31
17;2011;2012;De Graafschap;34; 6; 6;22; 36; 74;-38;24
18;2011;2012;SBV Excelsior;34; 4; 7;23; 28; 76;-48;19
 1;2012;2013;AFC Ajax;34;22;10; 2; 83; 31; 52;76
 2;2012;2013;PSV;34;22; 3; 9;103; 43; 60;69
 3;2012;2013;Feyenoord;34;21; 6; 7; 64; 38; 26;69
 4;2012;2013;Vitesse;34;19; 7; 8; 68; 42; 26;64
 5;2012;2013;FC Utrecht;34;19; 6; 9; 55; 41; 14;63
 6;2012;2013;FC Twente;34;17;11; 6; 60; 33; 27;62
 7;2012;2013;FC Groningen;34;12; 7;15; 36; 53;-17;43
 8;2012;2013;sc Heerenveen;34;11; 9;14; 50; 63;-13;42
 9;2012;2013;ADO Den Haag;34; 9;13;12; 49; 63;-14;40
10;2012;2013;AZ Alkmaar;34;10; 9;15; 56; 54;  2;39
11;2012;2013;PEC Zwolle;34;10; 9;15; 42; 55;-13;39
12;2012;2013;Heracles Almelo;34; 9;11;14; 58; 71;-13;38
13;2012;2013;NAC Breda;34;10; 8;16; 40; 56;-16;38
14;2012;2013;RKC Waalwijk;34; 9;10;15; 39; 48; -9;37
15;2012;2013;NEC Nijmegen;34;10; 7;17; 44; 66;-22;37
16;2012;2013;Roda JC Kerkrade;34; 7;12;15; 51; 69;-18;33
17;2012;2013;VVV-Venlo;34; 6;10;18; 33; 62;-29;28
18;2012;2013;Willem II;34; 5; 8;21; 33; 76;-43;23
 1;2013;2014;AFC Ajax;34;20;11; 3; 69; 28; 41;71
 2;2013;2014;Feyenoord;34;20; 7; 7; 76; 40; 36;67
 3;2013;2014;FC Twente;34;17;12; 5; 72; 37; 35;63
 4;2013;2014;PSV;34;18; 5;11; 60; 45; 15;59
 5;2013;2014;sc Heerenveen;34;16; 9; 9; 72; 51; 21;57
 6;2013;2014;Vitesse;34;15;10; 9; 65; 49; 16;55
 7;2013;2014;FC Groningen;34;14; 9;11; 57; 53;  4;51
 8;2013;2014;AZ Alkmaar;34;13; 8;13; 54; 50;  4;47
 9;2013;2014;ADO Den Haag;34;12; 7;15; 45; 64;-19;43
10;2013;2014;FC Utrecht;34;11; 8;15; 46; 65;-19;41
11;2013;2014;PEC Zwolle;34; 9;13;12; 47; 49; -2;40
12;2013;2014;SC Cambuur;34;10; 9;15; 40; 50;-10;39
13;2013;2014;Go Ahead Eagles;34;10; 8;16; 45; 69;-24;38
14;2013;2014;Heracles Almelo;34;10; 7;17; 45; 59;-14;37
15;2013;2014;NAC Breda;34; 8;11;15; 43; 54;-11;35
16;2013;2014;RKC Waalwijk;34; 7;11;16; 44; 64;-20;32
17;2013;2014;NEC Nijmegen;34; 5;15;14; 54; 82;-28;30
18;2013;2014;Roda JC Kerkrade;34; 7; 8;19; 44; 69;-25;29
 1;2014;2015;PSV;34;29; 1; 4; 92; 31; 61;88
 2;2014;2015;AFC Ajax;34;21; 8; 5; 69; 29; 40;71
 3;2014;2015;AZ Alkmaar;34;19; 5;10; 63; 56;  7;62
 4;2014;2015;Feyenoord;34;17; 8; 9; 56; 39; 17;59
 5;2014;2015;Vitesse;34;16;10; 8; 66; 43; 23;58
 6;2014;2015;PEC Zwolle;34;16; 5;13; 59; 43; 16;53
 7;2014;2015;sc Heerenveen;34;13;11;10; 53; 46;  7;50
 8;2014;2015;FC Groningen;34;11;13;10; 49; 53; -4;46
 9;2014;2015;Willem II;34;13; 7;14; 46; 50; -4;46
10;2014;2015;FC Twente;34;13;10;11; 56; 51;  5;43
11;2014;2015;FC Utrecht;34;11; 8;15; 60; 62; -2;41
12;2014;2015;SC Cambuur;34;11; 8;15; 46; 56;-10;41
13;2014;2015;ADO Den Haag;34; 9;10;15; 44; 53; -9;37
14;2014;2015;Heracles Almelo;34;11; 4;19; 47; 64;-17;37
15;2014;2015;SBV Excelsior;34; 6;14;14; 47; 63;-16;32
16;2014;2015;NAC Breda;34; 6;10;18; 36; 68;-32;28
17;2014;2015;Go Ahead Eagles;34; 7; 6;21; 29; 59;-30;27
18;2014;2015;FC Dordrecht;34; 4; 8;22; 24; 76;-52;20
 1;2015;2016;PSV;34;26; 6; 2; 88; 32; 56;84
 2;2015;2016;AFC Ajax;34;25; 7; 2; 81; 21; 60;82
 3;2015;2016;Feyenoord;34;19; 6; 9; 62; 40; 22;63
 4;2015;2016;AZ Alkmaar;34;18; 5;11; 70; 53; 17;59
 5;2015;2016;FC Utrecht;34;15; 8;11; 57; 48;  9;53
 6;2015;2016;Heracles Almelo;34;14; 9;11; 47; 49; -2;51
 7;2015;2016;FC Groningen;34;14; 8;12; 41; 48; -7;50
 8;2015;2016;PEC Zwolle;34;14; 6;14; 56; 54;  2;48
 9;2015;2016;Vitesse;34;12;10;12; 55; 38; 17;46
10;2015;2016;NEC Nijmegen;34;13; 7;14; 37; 42; -5;46
11;2015;2016;ADO Den Haag;34;10;13;11; 48; 49; -1;43
12;2015;2016;sc Heerenveen;34;11; 9;14; 46; 61;-15;42
13;2015;2016;FC Twente;34;12; 7;15; 49; 64;-15;40
14;2015;2016;Roda JC Kerkrade;34; 8;10;16; 34; 55;-21;34
15;2015;2016;SBV Excelsior;34; 7; 9;18; 34; 60;-26;30
16;2015;2016;Willem II;34; 6;11;17; 35; 53;-18;29
17;2015;2016;De Graafschap;34; 5; 8;21; 39; 66;-27;23
18;2015;2016;SC Cambuur;34; 3; 9;22; 33; 79;-46;18
 1;2016;2017;Feyenoord;34;26; 4; 4; 86; 25; 61;82
 2;2016;2017;AFC Ajax;34;25; 6; 3; 79; 23; 56;81
 3;2016;2017;PSV;34;22;10; 2; 68; 23; 45;76
 4;2016;2017;FC Utrecht;34;18; 8; 8; 54; 38; 16;62
 5;2016;2017;Vitesse;34;15; 6;13; 51; 40; 11;51
 6;2016;2017;AZ Alkmaar;34;12;13; 9; 56; 52;  4;49
 7;2016;2017;FC Twente;34;12; 9;13; 48; 50; -2;45
 8;2016;2017;FC Groningen;34;10;13;11; 55; 51;  4;43
 9;2016;2017;sc Heerenveen;34;12; 7;15; 54; 53;  1;43
10;2016;2017;Heracles Almelo;34;12; 7;15; 53; 55; -2;43
11;2016;2017;ADO Den Haag;34;11; 5;18; 37; 59;-22;38
12;2016;2017;SBV Excelsior;34; 9;10;15; 43; 60;-17;37
13;2016;2017;Willem II;34; 9; 9;16; 29; 44;-15;36
14;2016;2017;PEC Zwolle;34; 9; 8;17; 39; 67;-28;35
15;2016;2017;Sparta Rotterdam;34; 9; 7;18; 42; 61;-19;34
16;2016;2017;NEC Nijmegen;34; 9; 7;18; 32; 59;-27;34
17;2016;2017;Roda JC Kerkrade;34; 7;12;15; 26; 51;-25;33
18;2016;2017;Go Ahead Eagles;34; 6; 5;23; 32; 73;-41;23
 1;2017;2018;PSV;34;26; 5; 3; 87; 39; 48;83
 2;2017;2018;AFC Ajax;34;25; 4; 5; 89; 33; 56;79
 3;2017;2018;AZ Alkmaar;34;22; 5; 7; 72; 38; 34;71
 4;2017;2018;Feyenoord;34;20; 6; 8; 76; 39; 37;66
 5;2017;2018;FC Utrecht;34;14;12; 8; 58; 53;  5;54
 6;2017;2018;Vitesse;34;13;10;11; 63; 47; 16;49
 7;2017;2018;ADO Den Haag;34;13; 8;13; 45; 53; -8;47
 8;2017;2018;sc Heerenveen;34;12;10;12; 48; 53; -5;46
 9;2017;2018;PEC Zwolle;34;12; 8;14; 42; 54;-12;44
10;2017;2018;Heracles Almelo;34;11; 9;14; 50; 64;-14;42
11;2017;2018;SBV Excelsior;34;11; 7;16; 41; 56;-15;40
12;2017;2018;FC Groningen;34; 8;14;12; 50; 50;  0;38
13;2017;2018;Willem II;34;10; 7;17; 50; 63;-13;37
14;2017;2018;NAC Breda;34; 9; 7;18; 41; 57;-16;34
15;2017;2018;VVV-Venlo;34; 7;13;14; 35; 54;-19;34
16;2017;2018;Roda JC Kerkrade;34; 8; 6;20; 42; 69;-27;30
17;2017;2018;Sparta Rotterdam;34; 7; 6;21; 34; 75;-41;27
18;2017;2018;FC Twente;34; 5; 9;20; 37; 63;-26;24
 1;2018;2019;AFC Ajax;34;28; 2; 4;119; 32; 87;86
 2;2018;2019;PSV;34;26; 5; 3; 98; 26; 72;83
 3;2018;2019;Feyenoord;34;20; 5; 9; 75; 41; 34;65
 4;2018;2019;AZ Alkmaar;34;17; 7;10; 64; 43; 21;58
 5;2018;2019;Vitesse;34;14;11; 9; 70; 51; 19;53
 6;2018;2019;FC Utrecht;34;15; 8;11; 60; 51;  9;53
 7;2018;2019;Heracles Almelo;34;15; 3;16; 61; 68; -7;48
 8;2018;2019;FC Groningen;34;13; 6;15; 39; 41; -2;45
 9;2018;2019;ADO Den Haag;34;12; 9;13; 58; 63; -5;45
10;2018;2019;Willem II;34;13; 5;16; 58; 72;-14;44
11;2018;2019;sc Heerenveen;34;10;11;13; 64; 73; -9;41
12;2018;2019;VVV-Venlo;34;11; 8;15; 47; 63;-16;41
13;2018;2019;PEC Zwolle;34;11; 6;17; 44; 57;-13;39
14;2018;2019;FC Emmen;34;10; 8;16; 41; 72;-31;38
15;2018;2019;Fortuna Sittard;34; 9; 7;18; 50; 80;-30;34
16;2018;2019;SBV Excelsior;34; 9; 6;19; 46; 79;-33;33
17;2018;2019;De Graafschap;34; 8; 5;21; 38; 75;-37;29
18;2018;2019;NAC Breda;34; 5; 8;21; 29; 74;-45;23
 1;2019;2020;AFC Ajax;25;18; 2; 5; 68; 23; 45;56
 2;2019;2020;AZ Alkmaar;25;18; 2; 5; 54; 17; 37;56
 3;2019;2020;Feyenoord;25;14; 8; 3; 50; 35; 15;50
 4;2019;2020;PSV;26;14; 7; 5; 54; 28; 26;49
 5;2019;2020;Willem II;26;13; 5; 8; 37; 34;  3;44
 6;2019;2020;FC Utrecht;25;12; 5; 8; 50; 34; 16;41
 7;2019;2020;Vitesse;26;12; 5; 9; 45; 35; 10;41
 8;2019;2020;Heracles Almelo;26;10; 6;10; 40; 34;  6;36
 9;2019;2020;FC Groningen;26;10; 5;11; 27; 26;  1;35
10;2019;2020;sc Heerenveen;26; 8; 9; 9; 41; 41;  0;33
11;2019;2020;Sparta Rotterdam;26; 9; 6;11; 41; 45; -4;33
12;2019;2020;FC Emmen;26; 9; 5;12; 32; 45;-13;32
13;2019;2020;VVV-Venlo;26; 8; 4;14; 24; 51;-27;28
14;2019;2020;FC Twente;26; 7; 6;13; 34; 46;-12;27
15;2019;2020;PEC Zwolle;26; 7; 5;14; 37; 55;-18;26
16;2019;2020;Fortuna Sittard;26; 6; 8;12; 29; 52;-23;26
17;2019;2020;ADO Den Haag;26; 4; 7;15; 25; 54;-29;19
18;2019;2020;RKC Waalwijk;26; 4; 3;19; 27; 60;-33;15
 1;2020;2021;AFC Ajax;34;28; 4; 2;102; 23; 79;88
 2;2020;2021;PSV;34;21; 9; 4; 74; 35; 39;72
 3;2020;2021;AZ Alkmaar;34;21; 8; 5; 75; 41; 34;71
 4;2020;2021;Vitesse;34;18; 7; 9; 52; 38; 14;61
 5;2020;2021;Feyenoord;34;16;11; 7; 64; 36; 28;59
 6;2020;2021;FC Utrecht;34;13;14; 7; 52; 41; 11;53
 7;2020;2021;FC Groningen;34;14; 8;12; 40; 37;  3;50
 8;2020;2021;Sparta Rotterdam;34;13; 8;13; 49; 48;  1;47
 9;2020;2021;Heracles Almelo;34;12; 8;14; 42; 53;-11;44
10;2020;2021;FC Twente;34;10;11;13; 48; 50; -2;41
11;2020;2021;Fortuna Sittard;34;12; 5;17; 50; 58; -8;41
12;2020;2021;sc Heerenveen;34; 9;12;13; 43; 49; -6;39
13;2020;2021;PEC Zwolle;34; 9;11;14; 44; 53; -9;38
14;2020;2021;Willem II;34; 8; 7;19; 40; 68;-28;31
15;2020;2021;RKC Waalwijk;34; 7; 9;18; 33; 55;-22;30
16;2020;2021;FC Emmen;34; 7; 9;18; 40; 68;-28;30
17;2020;2021;VVV-Venlo;34; 6; 5;23; 43; 91;-48;23
18;2020;2021;ADO Den Haag;34; 4;10;20; 29; 76;-47;22
 1;2021;2022;AFC Ajax;34;26; 5; 3; 98; 19; 79;83
 2;2021;2022;PSV;34;26; 3; 5; 86; 42; 44;81
 3;2021;2022;Feyenoord;34;22; 5; 7; 76; 34; 42;71
 4;2021;2022;FC Twente;34;20; 8; 6; 55; 37; 18;68
 5;2021;2022;AZ Alkmaar;34;18; 7; 9; 64; 44; 20;61
 6;2021;2022;Vitesse;34;15; 6;13; 42; 51; -9;51
 7;2021;2022;FC Utrecht;34;12;11;11; 51; 46;  5;47
 8;2021;2022;sc Heerenveen;34;11; 8;15; 37; 50;-13;41
 9;2021;2022;SC Cambuur;34;11; 6;17; 53; 70;-17;39
10;2021;2022;RKC Waalwijk;34; 9;11;14; 40; 51;-11;38
11;2021;2022;NEC Nijmegen;34;10; 8;16; 38; 52;-14;38
12;2021;2022;FC Groningen;34; 9; 9;16; 41; 55;-14;36
13;2021;2022;Go Ahead Eagles;34;10; 6;18; 37; 51;-14;36
14;2021;2022;Sparta Rotterdam;34; 8;11;15; 30; 48;-18;35
15;2021;2022;Fortuna Sittard;34;10; 5;19; 36; 67;-31;35
16;2021;2022;Heracles Almelo;34; 9; 7;18; 33; 49;-16;34
17;2021;2022;Willem II;34; 9; 6;19; 32; 57;-25;33
18;2021;2022;PEC Zwolle;34; 7; 6;21; 26; 52;-26;27
