team_name;start_date;end_date;start_year;end_year;days_in_service;trainer;birthyear;age_in_years
sc-heerenveen;2022-07-01;2024-06-30;2022;2024;730;Kees van Wonderen;1969-01-04; 53,57153
sc-heerenveen;2022-02-04;2022-06-30;2022;2022;146;Ole Tobiasen;1975-07-08; 47,06639
sc-heerenveen;2019-04-10;2022-01-24;2019;2022;1020;Johnny Jansen;1975-03-02; 47,41684
sc-heerenveen;2018-07-01;2019-04-09;2018;2019;282;Jan Olde Riekerink;1963-02-22; 59,43874
sc-heerenveen;2016-07-01;2018-06-30;2016;2018;729;Jurgen Streppel;1969-06-25; 53,10062
sc-heerenveen;2015-10-20;2016-06-30;2015;2016;254;Foppe de Haan;1943-06-26; 79,09925
sc-heerenveen;2014-07-01;2015-10-20;2014;2015;476;Dwight Lodeweges;1957-10-26; 64,76386
sc-heerenveen;2012-07-01;2014-06-30;2012;2014;729;Marco van Basten;1964-10-31; 57,74949
sc-heerenveen;2010-07-01;2012-06-30;2010;2012;730;Ron Jans;1958-09-29; 63,83847
sc-heerenveen;2010-02-05;2010-06-30;2010;2010;145;Jan Everse;1954-01-05; 68,56947
sc-heerenveen;2009-08-31;2010-02-03;2009;2010;156;Jan de Jonge;1963-05-08; 59,23340
sc-heerenveen;2008-07-01;2009-08-30;2008;2009;425;Trond Sollied;1959-04-29; 63,25804
sc-heerenveen;2004-07-01;2008-06-30;2004;2008;1460;Gertjan Verbeek;1962-08-01; 60,00000
sc-heerenveen;1993-07-01;2004-06-30;1993;2004;4017;Foppe de Haan;1943-06-26; 79,09925
sc-heerenveen;1990-07-01;1992-10-14;1990;1992;836;Fritz Korbach;1945-07-18; 77,03765
sc-heerenveen;1985-07-01;1987-06-30;1985;1987;729;Foppe de Haan;1943-06-26; 79,09925
sc-heerenveen;1973-07-01;1977-06-30;1973;1977;1460;László Zalai;NA;NA
sc-heerenveen;1965-07-01;1966-06-30;1965;1966;364;László Zalai;NA;NA
sc-heerenveen;1961-07-01;1963-06-30;1961;1963;729;Arie de Vroet;1918-11-09;103,72621
sc-heerenveen;1951-07-01;1955-06-30;1951;1955;1460;Bob Kelly;1893-11-16;128,70363
sc-heerenveen;1945-07-01;1945-12-31;1945;1945;183;Otto Bonsema;1909-11-03;112,74196
sc-heerenveen;1936-07-01;1938-06-30;1936;1938;729;Sid Castle;1892-03-12;130,38467
sc-heerenveen;1932-07-01;1933-06-30;1932;1933;364;Sid Castle;1892-03-12;130,38467
fortuna-sittard;2020-11-12;2023-06-30;2020;2023;960;Sjors Ultee;1987-05-23; 35,19233
fortuna-sittard;2020-07-01;2020-11-11;2020;2020;133;Kevin Hofland;1979-06-07; 43,15127
fortuna-sittard;2019-07-01;2020-06-30;2019;2020;365;Sjors Ultee;1987-05-23; 35,19233
fortuna-sittard;2018-07-01;2019-06-30;2018;2019;364;René Eijer;1963-01-01; 59,58111
fortuna-sittard;2018-02-14;2018-06-30;2018;2018;136;Cláudio Braga;1974-11-23; 47,68789
fortuna-sittard;2016-12-27;2018-02-13;2016;2018;413;Sunday Oliseh;1974-09-14; 47,87953
fortuna-sittard;2015-12-07;2016-12-17;2015;2016;376;Ben van Dael;1965-03-03; 57,41273
fortuna-sittard;2015-10-04;2015-12-06;2015;2015;63;Jeffrey Kooistra;1968-11-10; 53,72211
fortuna-sittard;2014-07-01;2015-10-03;2014;2015;459;Peter van Vossen;1968-04-21; 54,27789
fortuna-sittard;2012-07-01;2014-06-30;2012;2014;729;Wil Boessen;1964-05-03; 58,24504
fortuna-sittard;2011-12-30;2012-06-30;2011;2012;183;Tiny Ruys;1957-05-08; 65,23203
fortuna-sittard;2010-07-01;2011-12-29;2010;2011;546;Wim Dusseldorp;1961-06-11; 61,13895
fortuna-sittard;2007-07-01;2010-06-30;2007;2010;1095;Roger Reijners;1964-02-10; 58,47228
fortuna-sittard;2007-07-01;2008-06-30;2007;2008;365;Henk Wisman;1957-05-29; 65,17454
fortuna-sittard;2006-07-01;2007-06-30;2006;2007;364;Frans Körver;1937-07-31; 85,00205
fortuna-sittard;2004-07-01;2006-06-30;2004;2006;729;Chris Dekker;1945-12-06; 76,65161
fortuna-sittard;2001-07-01;2001-12-13;2001;2001;165;Hans Verèl;1953-04-21; 69,27858
fortuna-sittard;2000-11-27;2004-06-30;2000;2004;1311;Hans de Koning;1960-04-05; 62,32170
fortuna-sittard;2000-07-01;2010-11-27;2000;2010;3801;Henk Duut;1964-01-14; 58,54620
fortuna-sittard;1997-08-19;2000-06-30;1997;2000;1046;Bert van Marwijk;1952-05-19; 70,20123
fortuna-sittard;1994-07-01;1997-06-30;1994;1997;1095;Pim Verbeek;1956-03-12; 66,38741
fortuna-sittard;1992-07-01;1994-06-30;1992;1994;729;Chris Dekker;1945-12-06; 76,65161
fortuna-sittard;1991-11-01;1992-06-30;1991;1992;242;Georg Keßler;1932-09-23; 89,85352
fortuna-sittard;1989-07-01;1991-10-31;1989;1991;852;Han Berger;1950-06-17; 72,12320
fortuna-sittard;1989-02-20;1989-06-30;1989;1989;130;Chris Dekker;1945-12-06; 76,65161
fortuna-sittard;1987-07-01;1989-02-19;1987;1989;599;Hans van Doorneveld;1940-09-09; 81,89185
fortuna-sittard;1987-01-01;1987-06-30;1987;1987;180;Han Berger;1950-06-17; 72,12320
fortuna-sittard;1984-07-01;1986-12-31;1984;1986;913;Bert Jacobs;1941-03-02; 81,41547
fortuna-sittard;1980-07-01;1984-06-30;1980;1984;1460;Frans Körver;1937-07-31; 85,00205
fortuna-sittard;1975-07-01;1977-06-30;1975;1977;730;Cor van der Hart;1928-01-25; 94,51608
fortuna-sittard;1972-07-01;1976-06-30;1972;1976;1460;Cor Brom;1932-08-27; 89,92745
fortuna-sittard;1968-07-01;1969-06-30;1968;1969;364;Frans de Bruyn;NA;NA
fortuna-sittard;1967-07-01;1968-06-30;1967;1968;365;Bram Appel;1921-11-30;100,66804
fortuna-sittard;1966-07-01;1967-06-30;1966;1967;364;Karl-Heinz Marotzke;1934-03-29; 88,34223
fortuna-sittard;1965-07-01;1966-06-30;1965;1966;364;Schirsin;NA;NA
sc-cambuur;2022-07-01;2023-06-30;2022;2023;364;Henk de Jong;1964-08-27; 57,92745
sc-cambuur;2022-03-29;2022-06-30;2022;2022;93;Dennis Haar;1976-10-05; 45,82067
sc-cambuur;2022-03-11;2022-03-28;2022;2022;17;Pascal Bosschaart;1980-02-28; 42,42300
sc-cambuur;2022-03-06;2022-03-10;2022;2022;4;Henk de Jong;1964-08-27; 57,92745
sc-cambuur;2021-11-27;2022-03-05;2021;2022;98;Pascal Bosschaart;1980-02-28; 42,42300
sc-cambuur;2019-07-01;2021-11-26;2019;2021;879;Henk de Jong;1964-08-27; 57,92745
sc-cambuur;2018-01-31;2019-06-30;2018;2019;515;René Hake;1971-12-18; 50,62012
sc-cambuur;2017-11-28;2018-01-30;2017;2018;63;Sipke Hulshoff;1975-01-21; 47,52635
sc-cambuur;2017-07-01;2017-11-27;2017;2017;149;Marinus Dijkhuizen;1972-01-04; 50,57358
sc-cambuur;2016-10-19;2017-06-30;2016;2017;254;Sipke Hulshoff;1975-01-21; 47,52635
sc-cambuur;2016-07-01;2016-10-15;2016;2016;106;Rob Maas;1969-12-17; 52,62149
sc-cambuur;2016-02-15;2016-06-30;2016;2016;136;Marcel Keizer;1969-01-15; 53,54141
sc-cambuur;2016-02-10;2016-02-14;2016;2016;4;Sipke Hulshoff;1975-01-21; 47,52635
sc-cambuur;2014-04-02;2016-02-09;2014;2016;678;Henk de Jong;1964-08-27; 57,92745
sc-cambuur;2013-07-01;2014-04-01;2013;2014;274;Dwight Lodeweges;1957-10-26; 64,76386
sc-cambuur;2013-03-23;2013-06-30;2013;2013;99;Henk de Jong;1964-08-27; 57,92745
sc-cambuur;2010-10-27;2013-03-22;2010;2013;877;Alfons Arts;1965-08-29; 56,92266
sc-cambuur;2008-09-20;2010-10-26;2008;2010;766;Stanley Menzo;1963-10-15; 58,79535
sc-cambuur;2008-09-15;2008-09-19;2008;2008;4;Jan Bruin;1969-09-30; 52,83504
sc-cambuur;2007-07-01;2008-09-14;2007;2008;441;Jurrie Koolhof;1960-01-10; 62,55715
sc-cambuur;2007-02-23;2007-06-30;2007;2007;127;Wim de Ron;1969-08-23; 52,93908
sc-cambuur;2005-07-01;2007-02-19;2005;2007;598;Roy Wesseling;1964-10-25; 57,76591
sc-cambuur;2005-01-28;2005-06-30;2005;2005;153;Jan Schulting;1956-01-13; 66,54894
sc-cambuur;2003-06-01;2004-12-31;2003;2004;579;Dick de Boer;1948-12-28; 73,59069
sc-cambuur;2002-07-01;2003-06-30;2002;2003;364;Rob McDonald;1959-01-22; 63,52361
sc-cambuur;1998-07-01;2002-06-30;1998;2002;1460;Gert Kruys;1961-05-08; 61,23203
sc-cambuur;1995-07-01;1998-06-30;1995;1998;1095;Han Berger;1950-06-17; 72,12320
sc-cambuur;1993-10-25;1995-02-14;1993;1995;477;Fritz Korbach;1945-07-18; 77,03765
sc-cambuur;1992-07-01;1994-03-11;1992;1994;618;Theo de Jong;1947-08-11; 74,97331
sc-cambuur;1990-07-01;1992-06-30;1990;1992;730;Rob Baan;1943-04-01; 79,33470
sc-cambuur;1986-07-01;1988-06-30;1986;1988;730;Fritz Korbach;1945-07-18; 77,03765
sc-cambuur;1976-07-01;1980-06-30;1976;1980;1460;Nol de Ruiter;1940-04-06; 82,31896
sc-cambuur;1972-07-01;1975-06-30;1972;1975;1094;Leo Beenhakker;1942-08-02; 79,99726
psv-eindhoven;2022-07-01;2025-06-30;2022;2025;1095;Ruud van Nistelrooy;1976-07-01; 46,08350
psv-eindhoven;2020-07-01;2022-06-30;2020;2022;729;Roger Schmidt;1967-03-13; 55,38672
psv-eindhoven;2019-12-16;2020-06-30;2019;2020;197;Ernest Faber;1971-08-27; 50,92950
psv-eindhoven;2018-07-01;2019-12-15;2018;2019;532;Mark van Bommel;1977-04-22; 45,27584
psv-eindhoven;2013-07-01;2018-06-30;2013;2018;1825;Phillip Cocu;1970-10-29; 51,75633
psv-eindhoven;2012-07-01;2013-06-30;2012;2013;364;Dick Advocaat;1947-09-27; 74,84463
psv-eindhoven;2012-03-13;2012-06-30;2012;2012;109;Phillip Cocu;1970-10-29; 51,75633
psv-eindhoven;2012-03-13;2012-06-30;2012;2012;109;Ernest Faber;1971-08-27; 50,92950
psv-eindhoven;2009-07-01;2012-03-12;2009;2012;985;Fred Rutten;1962-12-05; 59,65503
psv-eindhoven;2009-01-29;2009-06-30;2009;2009;152;Dwight Lodeweges;1957-10-26; 64,76386
psv-eindhoven;2008-07-01;2009-01-28;2008;2009;211;Huub Stevens;1953-11-29; 68,67077
psv-eindhoven;2008-01-02;2008-06-30;2008;2008;180;Sef Vergoossen;1947-08-05; 74,98973
psv-eindhoven;2007-11-01;2008-01-01;2007;2008;61;Jan Wouters;1960-07-17; 62,03970
psv-eindhoven;2006-07-01;2007-10-31;2006;2007;487;Ronald Koeman;1963-03-21; 59,36482
psv-eindhoven;2002-07-01;2006-06-30;2002;2006;1460;Guus Hiddink;1946-11-08; 75,72895
psv-eindhoven;1999-07-01;2002-05-31;1999;2002;1065;Eric Gerets;1954-05-18; 68,20534
psv-eindhoven;1998-07-01;1999-06-30;1998;1999;364;Bobby Robson;1933-02-18; 89,44832
psv-eindhoven;1994-12-16;1998-06-30;1994;1998;1292;Dick Advocaat;1947-09-27; 74,84463
psv-eindhoven;1994-10-29;1994-12-14;1994;1994;46;Kees Rijvers;1926-05-27; 96,18070
psv-eindhoven;1993-07-01;1994-10-28;1993;1994;484;Aad de Mos;1947-03-27; 75,34839
psv-eindhoven;1992-07-01;1993-06-30;1992;1993;364;Hans Westerhof;1948-11-24; 73,68378
psv-eindhoven;1990-07-01;1992-06-30;1990;1992;730;Bobby Robson;1933-02-18; 89,44832
psv-eindhoven;1989-01-18;1990-06-30;1989;1990;528;Jacques De Wit;1932-09-02; 89,91102
psv-eindhoven;1987-03-16;1990-06-30;1987;1990;1202;Guus Hiddink;1946-11-08; 75,72895
psv-eindhoven;1986-07-01;1987-03-15;1986;1987;257;Hans Kraay sr.;1936-10-14; 85,79603
psv-eindhoven;1983-07-01;1986-06-30;1983;1986;1095;Jan Reker;1948-06-03; 74,16016
psv-eindhoven;1980-07-01;1983-06-30;1980;1983;1094;Thijs Libregts;1941-01-04; 81,57153
psv-eindhoven;1980-01-25;1980-06-30;1980;1980;157;Jan Reker;1948-06-03; 74,16016
psv-eindhoven;1979-07-01;1982-06-30;1979;1982;1095;Jacques De Wit;1932-09-02; 89,91102
psv-eindhoven;1972-07-01;1980-01-24;1972;1980;2763;Kees Rijvers;1926-05-27; 96,18070
psv-eindhoven;1968-07-01;1972-06-30;1968;1972;1460;Kurt Linder;1933-10-08; 88,81314
psv-eindhoven;1968-01-01;1968-06-30;1968;1968;181;Wim Blokland;1919-11-04;102,74059
psv-eindhoven;1967-07-01;1967-12-31;1967;1967;183;Milan Nikolić;1929-06-06; 93,15264
psv-eindhoven;1962-07-01;1967-06-30;1962;1967;1825;Bram Appel;1921-11-30;100,66804
psv-eindhoven;1960-07-01;1962-06-30;1960;1962;729;Franz Binder;1911-12-01;110,66667
psv-eindhoven;1959-07-01;1960-06-30;1959;1960;365;Ljubiša Broćić;1911-10-03;110,82820
psv-eindhoven;1959-07-01;1960-06-30;1959;1960;365;Kees van Dijcke;NA;NA
psv-eindhoven;1957-07-01;1959-06-30;1957;1959;729;George Hardwick;1920-02-02;102,49418
psv-eindhoven;1956-07-01;1957-06-30;1956;1957;364;Ljubiša Broćić;1911-10-03;110,82820
psv-eindhoven;1952-07-01;1956-06-30;1952;1956;1460;Huub de Leeuw;1910-04-15;112,29569
psv-eindhoven;1951-07-01;1952-06-30;1951;1952;365;Harry Topping;NA;NA
psv-eindhoven;1945-07-01;1951-06-30;1945;1951;2190;Sam Wadsworth;1896-09-13;125,87817
psv-eindhoven;1942-07-01;1945-06-30;1942;1945;1095;Coen Delsen;NA;NA
psv-eindhoven;1938-07-01;1942-06-30;1938;1942;1460;Jan van den Broek;1907-06-08;115,14853
psv-eindhoven;1935-07-01;1938-06-30;1935;1938;1095;Sam Wadsworth;1896-09-13;125,87817
psv-eindhoven;1929-07-01;1929-12-31;1929;1929;183;Jack Hall;NA;NA
psv-eindhoven;1928-07-01;1929-06-30;1928;1929;364;Joop Klein Wentink;NA;NA
psv-eindhoven;1927-07-01;1928-06-30;1927;1928;365;Ignaz Klein;NA;NA
psv-eindhoven;1926-07-01;1927-06-30;1926;1927;364;Ben Hoogstede;1888-03-16;134,37372
psv-eindhoven;1922-07-01;1926-06-30;1922;1926;1460;John Leavy;NA;NA
psv-eindhoven;1921-07-01;1922-06-30;1921;1922;364;Jan Vos;1888-04-17;134,28611
psv-eindhoven;1920-07-01;1921-06-30;1920;1921;364;Wout Buitenweg;1893-12-24;128,59959
psv-eindhoven;1914-07-01;1916-06-30;1914;1916;730;Kees Meijnders;NA;NA
rkc-waalwijk;2021-07-01;2023-06-30;2021;2023;729;Joseph Oosting;1972-01-29; 50,50513
rkc-waalwijk;2018-07-08;2021-06-30;2018;2021;1088;Fred Grim;1965-08-17; 56,95551
rkc-waalwijk;2018-01-08;2018-06-30;2018;2018;173;Hans de Koning;1960-04-05; 62,32170
rkc-waalwijk;2015-02-21;2017-12-23;2015;2017;1036;Peter van den Berg;1971-12-19; 50,61739
rkc-waalwijk;2015-02-12;2015-02-20;2015;2015;8;Erwin van Breugel;1982-01-09; 40,55852
rkc-waalwijk;2014-07-01;2015-02-11;2014;2015;225;Martin Koopman;1956-06-05; 66,15469
rkc-waalwijk;2012-07-01;2014-06-30;2012;2014;729;Erwin Koeman;1961-09-20; 60,86242
rkc-waalwijk;2008-07-01;2012-06-30;2008;2012;1460;Ruud Brood;1962-10-19; 59,78371
rkc-waalwijk;2007-07-01;2008-06-30;2007;2008;365;Željko Petrović;1965-11-13; 56,71458
rkc-waalwijk;2006-11-28;2007-06-30;2006;2007;214;Mark Wotte;1960-12-16; 61,62355
rkc-waalwijk;2005-07-01;2006-11-27;2005;2006;514;Adrie Koster;1954-11-18; 67,70157
rkc-waalwijk;2004-07-01;2005-06-30;2004;2005;364;Erwin Koeman;1961-09-20; 60,86242
rkc-waalwijk;1998-10-30;2004-06-30;1998;2004;2070;Martin Jol;1956-01-16; 66,54073
rkc-waalwijk;1997-07-01;1999-06-30;1997;1999;729;Peter Boeve;1957-03-14; 65,38261
rkc-waalwijk;1996-07-01;1997-06-30;1996;1997;364;Bert Jacobs;1941-03-02; 81,41547
rkc-waalwijk;1995-07-01;1996-06-30;1995;1996;365;Leo van Veen;1946-06-06; 76,15332
rkc-waalwijk;1994-01-01;1995-06-30;1994;1995;545;Bert Jacobs;1941-03-02; 81,41547
rkc-waalwijk;1993-07-01;1993-12-18;1993;1993;170;Hans Verèl;1953-04-21; 69,27858
rkc-waalwijk;1989-07-01;1993-06-30;1989;1993;1460;Leo van Veen;1946-06-06; 76,15332
rkc-waalwijk;1988-07-01;1989-06-30;1988;1989;364;Ger Blok;1939-10-16; 82,79261
rkc-waalwijk;1986-07-01;1988-06-30;1986;1988;730;Leo van Veen;1946-06-06; 76,15332
rkc-waalwijk;1985-07-01;1986-06-30;1985;1986;364;Leen Looyen;1947-07-09; 75,06366
fc-groningen;2022-07-01;2025-06-30;2022;2025;1095;Frank Wormuth;1960-09-13; 61,88090
fc-groningen;2018-07-01;2022-06-30;2018;2022;1460;Danny Buijs;1982-06-21; 40,11225
fc-groningen;2016-07-01;2018-06-30;2016;2018;729;Ernest Faber;1971-08-27; 50,92950
fc-groningen;2013-07-01;2016-06-30;2013;2016;1095;Erwin van de Looi;1972-02-15; 50,45859
fc-groningen;2012-07-01;2013-06-12;2012;2013;346;Robert Maaskant;1969-01-10; 53,55510
fc-groningen;2010-07-01;2012-05-09;2010;2012;678;Pieter Huistra;1967-01-18; 55,53457
fc-groningen;2002-11-01;2010-06-30;2002;2010;2798;Ron Jans;1958-09-29; 63,83847
fc-groningen;2001-07-01;2002-10-22;2001;2002;478;Dwight Lodeweges;1957-10-26; 64,76386
fc-groningen;1997-07-01;1998-03-01;1997;1998;243;Wim Rijsbergen;1952-01-18; 70,53525
fc-groningen;1996-07-01;2001-06-30;1996;2001;1825;Jan van Dijk;1956-12-10; 65,63997
fc-groningen;1994-07-01;1997-02-24;1994;1997;969;Hans Westerhof;1948-11-24; 73,68378
fc-groningen;1993-03-18;1994-06-30;1993;1994;469;Wim Koevermans;1960-06-28; 62,09172
fc-groningen;1992-07-01;1993-06-30;1992;1993;364;Pim Verbeek;1956-03-12; 66,38741
fc-groningen;1988-07-01;1992-06-30;1988;1992;1460;Hans Westerhof;1948-11-24; 73,68378
fc-groningen;1987-07-01;1988-06-30;1987;1988;365;Henk van Brussel;1936-06-12; 86,13552
fc-groningen;1986-07-01;1987-09-30;1986;1987;456;Rob Jacobs;1943-10-15; 78,79535
fc-groningen;1983-07-01;1986-06-30;1983;1986;1095;Han Berger;1950-06-17; 72,12320
fc-groningen;1977-07-01;1983-06-30;1977;1983;2190;Theo Verlangen;1941-06-09; 81,14442
fc-groningen;1976-07-01;1977-06-30;1976;1977;364;Jan Notermans;1932-07-29; 90,00684
fc-groningen;1970-07-01;1974-06-30;1970;1974;1460;Ron Groenewoud;1937-01-24; 85,51677
fc-groningen;1969-11-18;1970-06-30;1969;1970;224;Ron Dellow;1914-07-13;108,05202
fc-groningen;1965-07-01;1969-11-16;1965;1969;1599;Ludwig Veg;1922-12-27; 99,59480
fc-groningen;1962-07-01;1965-06-30;1962;1965;1095;Tinus van der Pijl;1912-09-25;109,84805
fc-groningen;1948-01-01;1962-06-30;1948;1962;5294;Otto Bonsema;1909-11-03;112,74196
vitesse;2020-07-01;2023-06-30;2020;2023;1094;Thomas Letsch;1968-08-26; 53,93018
vitesse;2019-12-30;2020-06-30;2019;2020;183;Edward Sturing;1963-06-13; 59,13484
vitesse;2019-12-03;2019-12-29;2019;2019;26;Joseph Oosting;1972-01-29; 50,50513
vitesse;2018-07-01;2019-11-29;2018;2019;516;Leonid Slutskiy;1971-05-04; 51,24435
vitesse;2018-04-11;2018-06-30;2018;2018;80;Edward Sturing;1963-06-13; 59,13484
vitesse;2016-07-01;2018-04-10;2016;2018;648;Henk Fraser;1966-07-07; 56,06845
vitesse;2016-01-04;2016-06-30;2016;2016;178;Rob Maas;1969-12-17; 52,62149
vitesse;2013-07-01;2016-01-03;2013;2016;916;Peter Bosz;1963-11-21; 58,69405
vitesse;2012-07-01;2013-06-04;2012;2013;338;Fred Rutten;1962-12-05; 59,65503
vitesse;2011-07-01;2012-06-30;2011;2012;365;John van den Brom;1966-10-04; 55,82478
vitesse;2010-11-15;2011-06-30;2010;2011;227;Albert Ferrer;1970-06-06; 52,15332
vitesse;2010-10-22;2010-11-14;2010;2010;23;Hans van Arum;1966-12-23; 55,60575
vitesse;2009-01-03;2010-10-21;2009;2010;656;Theo Bos;1965-10-05; 56,82136
vitesse;2008-07-01;2008-12-31;2008;2008;183;Hans Westerhof;1948-11-24; 73,68378
vitesse;2006-07-01;2008-06-30;2006;2008;730;Aad de Mos;1947-03-27; 75,34839
vitesse;2003-03-26;2006-06-30;2003;2006;1192;Edward Sturing;1963-06-13; 59,13484
vitesse;2002-07-01;2003-03-25;2002;2003;267;Mike Snoei;1963-12-04; 58,65845
vitesse;2001-12-03;2002-06-30;2001;2002;209;Edward Sturing;1963-06-13; 59,13484
vitesse;2000-01-01;2001-12-02;2000;2001;701;Ronald Koeman;1963-03-21; 59,36482
vitesse;1999-11-01;1999-12-31;1999;1999;60;Edward Sturing;1963-06-13; 59,13484
vitesse;1998-10-08;1999-10-30;1998;1999;387;Herbert Neumann;1953-11-14; 68,71184
vitesse;1998-07-01;1998-10-07;1998;1998;98;Artur Jorge;1946-02-13; 76,46270
vitesse;1997-01-12;1998-06-30;1997;1998;534;Henk ten Cate;1954-12-09; 67,64408
vitesse;1996-07-01;1996-12-23;1996;1996;175;Leo Beenhakker;1942-08-02; 79,99726
vitesse;1995-11-26;1996-06-30;1995;1996;217;Frans Thijssen;1952-01-23; 70,52156
vitesse;1995-07-01;1995-12-31;1995;1995;183;Ronald Spelbos;1954-06-18; 68,12047
vitesse;1992-07-01;1995-06-30;1992;1995;1094;Herbert Neumann;1953-11-14; 68,71184
vitesse;1987-10-01;1992-06-30;1987;1992;1734;Bert Jacobs;1941-03-02; 81,41547
vitesse;1986-01-01;1986-06-30;1986;1986;180;Henk Bosveld;1941-07-10; 81,05955
vitesse;1982-07-01;1985-06-30;1982;1985;1095;Leen Looyen;1947-07-09; 75,06366
vitesse;1976-07-01;1983-03-04;1976;1983;2437;Henk Wullems;1936-01-21; 86,52704
vitesse;1974-07-01;1975-06-30;1974;1975;364;Nedeljko Bulatović;1938-04-19; 84,28474
vitesse;1972-07-01;1974-06-30;1972;1974;729;Frans de Munck;1922-08-20; 99,94798
vitesse;1969-07-01;1972-06-30;1969;1972;1095;Cor Brom;1932-08-27; 89,92745
vitesse;1966-07-01;1969-06-30;1966;1969;1095;Frans de Munck;1922-08-20; 99,94798
vitesse;1964-07-01;1966-06-30;1964;1966;729;Pepi Gruber;1912-05-04;110,24230
vitesse;1954-07-01;1957-06-30;1954;1957;1095;Pepi Gruber;1912-05-04;110,24230
vitesse;1920-07-01;1922-06-30;1920;1922;729;Charles Griffiths;NA;NA
vitesse;1913-07-01;1914-06-30;1913;1914;364;Edgar Chadwick;1869-06-14;153,12799
nec-nijmegen;2020-06-02;2023-06-30;2020;2023;1123;Rogier Meijer;1981-09-05; 40,90349
nec-nijmegen;2019-07-01;2020-06-01;2019;2020;336;Adrie Bogers;1965-05-04; 57,24298
nec-nijmegen;2019-04-03;2019-06-30;2019;2019;88;Ron de Groot;1960-03-29; 62,34086
nec-nijmegen;2018-07-01;2019-04-02;2018;2019;275;Jack de Gier;1968-08-06; 53,98494
nec-nijmegen;2018-01-02;2018-05-17;2018;2018;135;Pepijn Lijnders;1983-01-24; 39,51814
nec-nijmegen;2017-07-11;2018-01-01;2017;2018;174;Adrie Bogers;1965-05-04; 57,24298
nec-nijmegen;2017-04-25;2017-06-30;2017;2017;66;Ron de Groot;1960-03-29; 62,34086
nec-nijmegen;2016-07-01;2017-04-24;2016;2017;297;Peter Hyballa;1975-12-05; 46,65572
nec-nijmegen;2015-07-01;2016-06-30;2015;2016;365;Ernest Faber;1971-08-27; 50,92950
nec-nijmegen;2014-07-01;2015-06-30;2014;2015;364;Ruud Brood;1962-10-19; 59,78371
nec-nijmegen;2013-08-20;2014-05-27;2013;2014;280;Anton Janssen;1963-08-10; 58,97604
nec-nijmegen;2011-07-01;2013-08-19;2011;2013;780;Alex Pastoor;1966-10-26; 55,76454
nec-nijmegen;2009-11-14;2011-06-30;2009;2011;593;Wiljan Vloet;1962-09-10; 59,89049
nec-nijmegen;2009-07-01;2009-11-13;2009;2009;135;Dwight Lodeweges;1957-10-26; 64,76386
nec-nijmegen;2006-07-01;2009-06-30;2006;2009;1095;Mario Been;1963-12-11; 58,63929
nec-nijmegen;2005-12-19;2006-06-30;2005;2006;193;Ron de Groot;1960-03-29; 62,34086
nec-nijmegen;2004-12-14;2005-12-21;2004;2005;372;Cees Lok;1966-08-18; 55,95346
nec-nijmegen;2000-07-01;2004-12-13;2000;2004;1626;Johan Neeskens;1951-09-15; 70,87748
nec-nijmegen;1999-11-30;2000-06-30;1999;2000;213;Ron de Groot;1960-03-29; 62,34086
nec-nijmegen;1997-07-01;1999-11-29;1997;1999;881;Jimmy Calderwood;1955-02-28; 67,42231
nec-nijmegen;1997-03-04;1997-06-30;1997;1997;118;Leen Looyen;1947-07-09; 75,06366
nec-nijmegen;1995-12-08;1997-03-03;1995;1997;451;Wim Koevermans;1960-06-28; 62,09172
nec-nijmegen;1994-07-01;1995-12-07;1994;1995;524;Cees van Kooten;1948-08-20; 73,94661
nec-nijmegen;1991-07-01;1994-06-30;1991;1994;1095;Jan Pruijn;1958-10-12; 63,80287
nec-nijmegen;1987-07-01;1991-06-30;1987;1991;1460;Leen Looyen;1947-07-09; 75,06366
nec-nijmegen;1985-07-01;1987-06-30;1985;1987;729;Sándor Popovics;1939-06-22; 83,11020
nec-nijmegen;1981-07-01;1985-06-30;1981;1985;1460;Pim van de Meent;1937-11-20; 84,69541
nec-nijmegen;1978-07-01;1981-06-30;1978;1981;1095;Leen Looyen;1947-07-09; 75,06366
nec-nijmegen;1976-07-01;1978-06-30;1976;1978;729;Hans Croon;1936-05-25; 86,18480
nec-nijmegen;1974-07-01;1976-06-30;1974;1976;730;Piet de Visser;1934-09-23; 87,85489
nec-nijmegen;1974-01-01;1974-06-30;1974;1974;180;Leen Looyen;1947-07-09; 75,06366
nec-nijmegen;1973-07-01;1973-12-31;1973;1973;183;Meg de Jongh;NA;NA
nec-nijmegen;1970-07-01;1973-06-30;1970;1973;1095;Wiel Coerver;1924-12-03; 97,65914
nec-nijmegen;1967-07-01;1970-06-30;1967;1970;1095;Jan Remmers;1922-09-30; 99,83573
nec-nijmegen;1958-07-01;1960-06-30;1958;1960;730;Wim Groenendijk;1910-08-14;111,96441
nec-nijmegen;1956-07-01;1957-06-30;1956;1957;364;Ferdi Silz;1915-11-30;106,66940
az-alkmaar;2020-12-06;2023-06-30;2020;2023;936;Pascal Jansen;1973-01-27; 49,50856
az-alkmaar;2019-07-01;2020-12-05;2019;2020;523;Arne Slot;1978-09-17; 43,87132
az-alkmaar;2014-09-29;2019-06-30;2014;2019;1735;John van den Brom;1966-10-04; 55,82478
az-alkmaar;2014-09-19;2014-09-29;2014;2014;10;Dennis Haar;1976-10-05; 45,82067
az-alkmaar;2014-09-16;2014-09-18;2014;2014;2;Alex Pastoor;1966-10-26; 55,76454
az-alkmaar;2014-07-01;2014-09-15;2014;2014;76;Marco van Basten;1964-10-31; 57,74949
az-alkmaar;2013-10-16;2014-06-30;2013;2014;257;Dick Advocaat;1947-09-27; 74,84463
az-alkmaar;2013-09-30;2013-10-15;2013;2013;15;Martin Haar;1952-05-02; 70,24778
az-alkmaar;2010-07-01;2013-09-29;2010;2013;1186;Gertjan Verbeek;1962-08-01; 60,00000
az-alkmaar;2009-12-09;2010-06-30;2009;2010;203;Dick Advocaat;1947-09-27; 74,84463
az-alkmaar;2009-07-01;2009-12-08;2009;2009;160;Ronald Koeman;1963-03-21; 59,36482
az-alkmaar;2005-07-01;2009-06-30;2005;2009;1460;Louis van Gaal;1951-08-08; 70,98152
az-alkmaar;2002-11-01;2005-06-30;2002;2005;972;Co Adriaanse;1947-07-21; 75,03080
az-alkmaar;2000-07-01;2002-10-30;2000;2002;851;Henk van Stee;1961-12-17; 60,62149
az-alkmaar;1999-07-01;2000-06-30;1999;2000;365;Gerard van der Lem;1952-11-15; 69,70842
az-alkmaar;1997-07-01;1999-06-30;1997;1999;729;Willem van Hanegem;1944-02-20; 78,44490
az-alkmaar;1994-07-01;1997-06-30;1994;1997;1095;Theo Vonk;1947-12-16; 74,62560
az-alkmaar;1993-07-01;1994-06-30;1993;1994;364;Piet Schrijvers;1946-12-15; 75,62765
az-alkmaar;1990-07-01;1993-06-30;1990;1993;1095;Henk Wullems;1936-01-21; 86,52704
az-alkmaar;1989-05-01;1990-06-30;1989;1990;425;Hans van Doorneveld;1940-09-09; 81,89185
az-alkmaar;1987-01-01;1989-06-30;1987;1989;911;Hans Eijkenbroek;1940-01-05; 82,57084
az-alkmaar;1986-07-01;1986-12-31;1986;1986;183;Han Berger;1950-06-17; 72,12320
az-alkmaar;1985-07-01;1986-06-30;1985;1986;364;Frits Soetekouw;1938-06-16; 84,12594
az-alkmaar;1983-07-01;1985-06-30;1983;1985;730;Piet de Visser;1934-09-23; 87,85489
az-alkmaar;1982-07-01;1983-06-30;1982;1983;364;Hans Eijkenbroek;1940-01-05; 82,57084
az-alkmaar;1978-07-01;1982-06-30;1978;1982;1460;Georg Keßler;1932-09-23; 89,85352
az-alkmaar;1977-07-01;1978-06-30;1977;1978;364;Cor van der Hart;1928-01-25; 94,51608
az-alkmaar;1976-07-01;1977-06-30;1976;1977;364;Hans Kraay sr.;1936-10-14; 85,79603
az-alkmaar;1973-07-01;1976-06-30;1973;1976;1095;Joop Brand;1936-06-11; 86,13826
az-alkmaar;1971-07-01;1973-06-30;1971;1973;730;Cor van der Hart;1928-01-25; 94,51608
az-alkmaar;1969-07-01;1971-06-30;1969;1971;729;Robert Heinz;NA;NA
az-alkmaar;1968-07-01;1969-06-30;1968;1969;364;Wim Blokland;1919-11-04;102,74059
az-alkmaar;1967-07-01;1968-06-30;1967;1968;365;Leslie Talbot;1910-08-03;111,99452
az-alkmaar;1966-07-01;1967-06-30;1966;1967;364;Barry Hughes;1937-12-31; 84,58316
az-alkmaar;1960-07-01;1961-06-30;1960;1961;364;Piet de Wolf;NA;NA
sparta-rotterdam;2022-04-26;2024-06-30;2022;2024;796;Maurice Steijn;1973-11-20; 48,69541
sparta-rotterdam;2018-07-01;2022-04-24;2018;2022;1393;Henk Fraser;1966-07-07; 56,06845
sparta-rotterdam;2017-12-25;2018-06-30;2017;2018;187;Dick Advocaat;1947-09-27; 74,84463
sparta-rotterdam;2017-12-18;2017-12-24;2017;2017;6;Dolf Roks;1962-11-21; 59,69336
sparta-rotterdam;2015-01-01;2017-12-17;2015;2017;1081;Alex Pastoor;1966-10-26; 55,76454
sparta-rotterdam;2014-11-30;2014-12-31;2014;2014;31;Peter van den Berg;1971-12-19; 50,61739
sparta-rotterdam;2014-01-01;2014-11-29;2014;2014;332;Gert Kruys;1961-05-08; 61,23203
sparta-rotterdam;2013-07-01;2013-12-02;2013;2013;154;Adrie Bogers;1965-05-04; 57,24298
sparta-rotterdam;2013-04-04;2013-06-30;2013;2013;87;Henk ten Cate;1954-12-09; 67,64408
sparta-rotterdam;2011-07-01;2013-04-02;2011;2013;641;Michel Vonk;1968-10-28; 53,75770
sparta-rotterdam;2011-02-25;2011-06-30;2011;2011;125;Jos van Eck;1963-05-02; 59,24983
sparta-rotterdam;2010-07-01;2011-02-24;2010;2011;238;Jan Everse;1954-01-05; 68,56947
sparta-rotterdam;2010-04-05;2010-06-30;2010;2010;86;Aad de Mos;1947-03-27; 75,34839
sparta-rotterdam;2009-07-01;2010-04-04;2009;2010;277;Frans Adelaar;1960-12-05; 61,65366
sparta-rotterdam;2007-12-18;2009-06-30;2007;2009;560;Foeke Booy;1962-04-25; 60,26831
sparta-rotterdam;2007-11-12;2007-12-17;2007;2007;35;Adri van Tiggelen;1957-06-16; 65,12526
sparta-rotterdam;2007-07-01;2007-11-11;2007;2007;133;Gert Aandewiel;1969-09-09; 52,89254
sparta-rotterdam;2005-07-01;2007-06-30;2005;2007;729;Wiljan Vloet;1962-09-10; 59,89049
sparta-rotterdam;2005-05-25;2005-06-30;2005;2005;36;Adri van Tiggelen;1957-06-16; 65,12526
sparta-rotterdam;2003-07-01;2005-06-30;2003;2005;730;Mike Snoei;1963-12-04; 58,65845
sparta-rotterdam;2003-02-09;2003-06-30;2003;2003;141;Chris Dekker;1945-12-06; 76,65161
sparta-rotterdam;2003-01-22;2003-02-08;2003;2003;17;Fritz Korbach;1945-07-18; 77,03765
sparta-rotterdam;2002-07-01;2003-01-21;2002;2003;204;Dolf Roks;1962-11-21; 59,69336
sparta-rotterdam;2001-07-01;2002-06-30;2001;2002;364;Frank Rijkaard;1962-09-30; 59,83573
sparta-rotterdam;2001-02-16;2001-06-30;2001;2001;134;Willem van Hanegem;1944-02-20; 78,44490
sparta-rotterdam;1998-12-24;1999-10-27;1998;1999;307;Jan Everse;1954-01-05; 68,56947
sparta-rotterdam;1997-10-27;2001-02-16;1997;2001;1208;Dolf Roks;1962-11-21; 59,69336
sparta-rotterdam;1997-07-01;1998-12-06;1997;1998;523;Hans van der Zee;1956-01-15; 66,54346
sparta-rotterdam;1995-07-01;1997-01-11;1995;1997;560;Henk ten Cate;1954-12-09; 67,64408
sparta-rotterdam;1993-07-01;1995-06-30;1993;1995;729;Han Berger;1950-06-17; 72,12320
sparta-rotterdam;1991-07-01;1993-06-30;1991;1993;730;Rob Jacobs;1943-10-15; 78,79535
sparta-rotterdam;1990-07-01;1991-06-30;1990;1991;364;Hans van Doorneveld;1940-09-09; 81,89185
sparta-rotterdam;1988-07-01;1990-06-30;1988;1990;729;Rob Baan;1943-04-01; 79,33470
sparta-rotterdam;1986-07-01;1988-06-30;1986;1988;730;Barry Hughes;1937-12-31; 84,58316
sparta-rotterdam;1984-07-01;1986-06-30;1984;1986;729;Theo Vonk;1947-12-16; 74,62560
sparta-rotterdam;1983-07-01;1984-06-30;1983;1984;365;Bert Jacobs;1941-03-02; 81,41547
sparta-rotterdam;1981-07-01;1984-06-30;1981;1984;1095;Pim Verbeek;1956-03-12; 66,38741
sparta-rotterdam;1980-07-01;1983-06-30;1980;1983;1094;Barry Hughes;1937-12-31; 84,58316
sparta-rotterdam;1980-01-01;1980-06-30;1980;1980;181;Hans Kraay sr.;1936-10-14; 85,79603
sparta-rotterdam;1978-07-01;1980-01-15;1978;1980;563;Mircea Petescu;1943-05-15; 79,21424
sparta-rotterdam;1976-07-01;1978-06-30;1976;1978;729;Cor Brom;1932-08-27; 89,92745
sparta-rotterdam;1976-05-16;1976-06-30;1976;1976;45;Jimmy Adamson;1929-04-04; 93,32512
sparta-rotterdam;1972-07-01;1976-06-30;1972;1976;1460;Leo Steegman;1943-11-08; 78,72964
sparta-rotterdam;1971-07-01;1972-06-30;1971;1972;365;Elek Schwartz;1908-10-23;113,77139
sparta-rotterdam;1970-02-01;1971-06-30;1970;1971;514;Georg Keßler;1932-09-23; 89,85352
sparta-rotterdam;1966-07-01;1970-01-31;1966;1970;1310;Wiel Coerver;1924-12-03; 97,65914
sparta-rotterdam;1963-07-01;1966-06-30;1963;1966;1095;Bill Thompson;1921-08-10;100,97467
sparta-rotterdam;1955-07-01;1963-06-30;1955;1963;2921;Denis Neville;1915-05-06;107,23888
sparta-rotterdam;1949-07-01;1950-06-30;1949;1950;364;Doug Livingstone;1898-02-25;124,42710
sparta-rotterdam;1948-07-01;1949-06-30;1948;1949;364;George Hall;1912-09-05;109,90281
sparta-rotterdam;1914-07-01;1915-06-30;1914;1915;364;Edgar Chadwick;1869-06-14;153,12799
afc-ajax;2022-07-01;2024-06-30;2022;2024;730;Alfred Schreuder;1972-11-02; 49,74401
afc-ajax;2018-01-01;2022-06-30;2018;2022;1641;Erik ten Hag;1970-02-02; 52,49281
afc-ajax;2017-12-21;2017-12-31;2017;2017;10;Michael Reiziger;1973-05-03; 49,24572
afc-ajax;2017-07-01;2017-12-21;2017;2017;173;Marcel Keizer;1969-01-15; 53,54141
afc-ajax;2016-07-01;2017-06-30;2016;2017;364;Peter Bosz;1963-11-21; 58,69405
afc-ajax;2010-12-07;2016-06-30;2010;2016;2032;Frank de Boer;1970-05-15; 52,21355
afc-ajax;2009-07-01;2010-12-06;2009;2010;523;Martin Jol;1956-01-16; 66,54073
afc-ajax;2009-05-07;2009-06-30;2009;2009;54;John van 't Schip;1963-12-30; 58,58727
afc-ajax;2008-07-01;2009-05-06;2008;2009;309;Marco van Basten;1964-10-31; 57,74949
afc-ajax;2007-10-09;2008-06-30;2007;2008;265;Adrie Koster;1954-11-18; 67,70157
afc-ajax;2006-07-01;2007-10-08;2006;2007;464;Henk ten Cate;1954-12-09; 67,64408
afc-ajax;2005-03-14;2006-06-30;2005;2006;473;Danny Blind;1961-08-01; 60,99932
afc-ajax;2005-02-26;2005-03-13;2005;2005;15;Ruud Krol;1949-03-24; 73,35524
afc-ajax;2001-12-03;2005-02-25;2001;2005;1180;Ronald Koeman;1963-03-21; 59,36482
afc-ajax;2000-07-01;2001-11-29;2000;2001;516;Co Adriaanse;1947-07-21; 75,03080
afc-ajax;2000-03-26;2000-06-30;2000;2000;96;Hans Westerhof;1948-11-24; 73,68378
afc-ajax;1999-01-01;2000-03-21;1999;2000;445;Jan Wouters;1960-07-17; 62,03970
afc-ajax;1997-07-01;1998-12-31;1997;1998;548;Morten Olsen;1949-08-14; 72,96372
afc-ajax;1991-09-28;1997-06-30;1991;1997;2102;Louis van Gaal;1951-08-08; 70,98152
afc-ajax;1989-08-01;1991-09-27;1989;1991;787;Leo Beenhakker;1942-08-02; 79,99726
afc-ajax;1988-10-20;1989-06-30;1988;1989;253;Spitz Kohn;1933-11-01; 88,74743
afc-ajax;1988-07-01;1988-10-19;1988;1988;110;Kurt Linder;1933-10-08; 88,81314
afc-ajax;1988-01-05;1988-06-30;1988;1988;177;Spitz Kohn;1933-11-01; 88,74743
afc-ajax;1985-07-01;1988-01-04;1985;1988;917;Johan Cruyff;1947-04-25; 75,26899
afc-ajax;1985-05-07;1985-06-30;1985;1985;54;Spitz Kohn;1933-11-01; 88,74743
afc-ajax;1982-07-01;1985-05-06;1982;1985;1040;Aad de Mos;1947-03-27; 75,34839
afc-ajax;1981-07-01;1982-06-30;1981;1982;364;Kurt Linder;1933-10-08; 88,81314
afc-ajax;1981-03-11;1981-06-30;1981;1981;111;Aad de Mos;1947-03-27; 75,34839
afc-ajax;1979-09-09;1981-03-10;1979;1981;548;Leo Beenhakker;1942-08-02; 79,99726
afc-ajax;1978-07-01;1979-09-08;1978;1979;434;Cor Brom;1932-08-27; 89,92745
afc-ajax;1976-07-01;1978-06-30;1976;1978;729;Tomislav Ivić;1933-06-30; 89,08693
afc-ajax;1975-07-01;1976-06-30;1975;1976;365;Rinus Michels;1928-02-09; 94,47502
afc-ajax;1974-07-01;1975-06-30;1974;1975;364;Hans Kraay sr.;1936-10-14; 85,79603
afc-ajax;1974-04-13;1974-06-30;1974;1974;78;Rob Haarms;1934-03-08; 88,39973
afc-ajax;1973-07-01;1974-04-12;1973;1974;285;George Knobel;1922-12-10; 99,64134
afc-ajax;1971-07-01;1973-06-30;1971;1973;730;Ștefan Kovács;1920-10-02;101,82888
afc-ajax;1965-01-22;1971-06-30;1965;1971;2350;Rinus Michels;1928-02-09; 94,47502
afc-ajax;1964-07-01;1965-06-30;1964;1965;364;Vic Buckingham;1915-10-23;106,77344
afc-ajax;1963-07-01;1964-06-30;1963;1964;365;Jack Rowley;1920-10-07;101,81520
afc-ajax;1962-07-01;1963-06-30;1962;1963;364;Pepi Gruber;1912-05-04;110,24230
afc-ajax;1961-07-01;1962-06-30;1961;1962;364;Keith Spurgeon;NA;NA
afc-ajax;1959-07-01;1961-06-30;1959;1961;730;Vic Buckingham;1915-10-23;106,77344
afc-ajax;1954-07-01;1959-06-30;1954;1959;1825;Karl Humenberger;1906-10-25;115,76728
afc-ajax;1953-07-01;1954-06-30;1953;1954;364;Walter Crook;1913-04-28;109,25941
afc-ajax;1953-03-02;1953-06-30;1953;1953;120;Willibald Stejskal;NA;NA
afc-ajax;1950-07-01;1953-03-01;1950;1953;974;Robert Thomson;1903-09-23;118,85558
afc-ajax;1948-07-01;1950-06-30;1948;1950;729;Walter Crook;1913-04-28;109,25941
afc-ajax;1947-10-11;1948-06-30;1947;1948;263;Robert Smith;1912-12-15;109,62628
afc-ajax;1945-07-01;1947-06-30;1945;1947;729;Jack Reynolds;1881-09-23;140,85147
afc-ajax;1942-07-01;1945-06-30;1942;1945;1095;Dolf van Kol;1902-08-02;119,99726
afc-ajax;1941-07-01;1942-06-30;1941;1942;364;Wim Volkers;1899-10-03;122,82546
afc-ajax;1928-07-01;1940-06-30;1928;1940;4382;Jack Reynolds;1881-09-23;140,85147
afc-ajax;1927-01-01;1928-06-30;1927;1928;546;Sid Castle;1892-03-12;130,38467
afc-ajax;1926-07-01;1926-12-31;1926;1926;183;Harold Rose;NA;NA
afc-ajax;1915-07-01;1925-06-30;1915;1925;3652;Jack Reynolds;1881-09-23;140,85147
afc-ajax;1910-07-01;1915-06-30;1910;1915;1825;Jack Kirwan;1878-02-09;144,47091
sbv-excelsior;2020-01-29;2023-06-30;2020;2023;1248;Marinus Dijkhuizen;1972-01-04; 50,57358
sbv-excelsior;2019-04-08;2020-01-28;2019;2020;295;Ricardo Moniz;1964-06-17; 58,12183
sbv-excelsior;2019-04-04;2019-04-07;2019;2019;3;André Hoekstra;1962-04-05; 60,32307
sbv-excelsior;2018-07-01;2019-04-03;2018;2019;276;Adrie Poldervaart;1970-12-20; 51,61396
sbv-excelsior;2016-07-01;2018-06-30;2016;2018;729;Mitchell van der Gaag;1971-10-22; 50,77618
sbv-excelsior;2015-07-01;2016-06-30;2015;2016;365;Fons Groenendijk;1964-05-17; 58,20671
sbv-excelsior;2014-01-01;2015-06-30;2014;2015;545;Marinus Dijkhuizen;1972-01-04; 50,57358
sbv-excelsior;2013-07-01;2013-12-25;2013;2013;177;Jon Dahl Tomasson;1976-08-29; 45,92197
sbv-excelsior;2012-07-01;2013-06-30;2012;2013;364;Leon Vlemmings;1970-04-03; 52,32854
sbv-excelsior;2011-07-01;2012-06-30;2011;2012;365;John Lammers;1963-09-11; 58,88843
sbv-excelsior;2009-07-01;2011-06-30;2009;2011;729;Alex Pastoor;1966-10-26; 55,76454
sbv-excelsior;2006-07-01;2009-06-30;2006;2009;1095;Ton Lokhoff;1959-12-25; 62,60096
sbv-excelsior;2005-07-01;2006-06-30;2005;2006;364;Mario Been;1963-12-11; 58,63929
sbv-excelsior;2004-07-01;2005-06-30;2004;2005;364;John Metgod;1958-02-27; 64,42437
sbv-excelsior;2003-07-01;2004-06-30;2003;2004;365;Henk van Stee;1961-12-17; 60,62149
sbv-excelsior;1997-07-01;2003-06-30;1997;2003;2190;Adrie Koster;1954-11-18; 67,70157
sbv-excelsior;1996-12-02;1997-06-30;1996;1997;210;John Metgod;1958-02-27; 64,42437
sbv-excelsior;1995-07-01;1996-11-30;1995;1996;518;Hans van der Pluym;1949-01-03; 73,57426
sbv-excelsior;1994-07-01;1995-06-30;1994;1995;364;Rob Baan;1943-04-01; 79,33470
sbv-excelsior;1992-07-01;1994-06-30;1992;1994;729;Cor Pot;1951-06-08; 71,14853
sbv-excelsior;1986-07-01;1988-06-30;1986;1988;730;Henk Wullems;1936-01-21; 86,52704
sbv-excelsior;1982-07-01;1986-06-30;1982;1986;1460;Rob Jacobs;1943-10-15; 78,79535
sbv-excelsior;1981-07-01;1982-06-30;1981;1982;364;Arno Pijpers;1959-04-21; 63,27995
sbv-excelsior;1980-07-01;1981-06-30;1980;1981;364;Hans Dorjee;1941-07-26; 81,01574
sbv-excelsior;1975-07-01;1980-06-30;1975;1980;1826;Thijs Libregts;1941-01-04; 81,57153
sbv-excelsior;1973-07-01;1975-06-30;1973;1975;729;Ben Peeters;1919-10-28;102,75975
sbv-excelsior;1971-07-01;1973-06-30;1971;1973;730;Joop Castenmiller;1937-06-16; 85,12526
sbv-excelsior;1970-07-01;1971-06-30;1970;1971;364;Bob Janse;1920-03-05;102,40657
fc-emmen;2016-07-01;2023-06-30;2016;2023;2555;Dick Lukkien;1972-03-28; 50,34360
fc-emmen;2016-02-15;2016-06-30;2016;2016;136;Gert Heerkes;1965-11-03; 56,74196
fc-emmen;2015-07-01;2016-02-14;2015;2016;228;Marcel Keizer;1969-01-15; 53,54141
fc-emmen;2012-07-01;2015-06-30;2012;2015;1094;Joop Gall;1963-12-25; 58,60096
fc-emmen;2010-10-17;2012-06-30;2010;2012;622;René Hake;1971-12-18; 50,62012
fc-emmen;2010-08-02;2010-10-17;2010;2010;76;Azing Griever;1945-07-21; 77,02943
fc-emmen;2009-07-01;2010-08-01;2009;2010;396;Harry Sinkgraven;1966-01-21; 56,52567
fc-emmen;2008-10-23;2009-06-30;2008;2009;250;Paul Krabbe;1956-09-19; 65,86448
fc-emmen;2008-10-17;2008-10-17;2008;2008;0;Timo Meertens;NA;NA
fc-emmen;2007-03-12;2008-10-13;2007;2008;581;Gerry Hamstra;1970-06-19; 52,11773
fc-emmen;2007-02-16;2007-03-09;2007;2007;21;Alfons Arts;1965-08-29; 56,92266
fc-emmen;2005-07-01;2007-02-09;2005;2007;588;Jan van Dijk;1956-12-10; 65,63997
fc-emmen;2004-07-01;2005-06-30;2004;2005;364;Jan Olde Riekerink;1963-02-22; 59,43874
fc-emmen;2001-07-01;2004-06-30;2001;2004;1095;Hennie Spijkerman;1950-10-28; 71,75907
fc-emmen;1999-07-01;2001-06-30;1999;2001;730;Jan de Jonge;1963-05-08; 59,23340
fc-emmen;1995-07-01;1999-06-30;1995;1999;1460;Azing Griever;1945-07-21; 77,02943
fc-emmen;1994-07-01;1995-06-30;1994;1995;364;Leen Looyen;1947-07-09; 75,06366
fc-emmen;1991-07-01;1992-06-30;1991;1992;365;Piet Buter;1949-06-06; 73,15264
fc-utrecht;2022-07-01;2025-06-30;2022;2025;1095;Henk Fraser;1966-07-07; 56,06845
fc-utrecht;2022-03-22;2022-06-30;2022;2022;100;Rick Kruys;1985-05-09; 37,22930
fc-utrecht;2020-11-07;2022-03-21;2020;2022;499;René Hake;1971-12-18; 50,62012
fc-utrecht;2019-07-01;2020-11-06;2019;2020;494;John van den Brom;1966-10-04; 55,82478
fc-utrecht;2018-09-17;2019-06-30;2018;2019;286;Dick Advocaat;1947-09-27; 74,84463
fc-utrecht;2018-09-04;2018-09-16;2018;2018;12;Marinus Dijkhuizen;1972-01-04; 50,57358
fc-utrecht;2018-01-02;2018-09-03;2018;2018;244;Jean-Paul de Jong;1970-10-17; 51,78919
fc-utrecht;2015-07-01;2017-12-31;2015;2017;914;Erik ten Hag;1970-02-02; 52,49281
fc-utrecht;2014-07-01;2015-06-30;2014;2015;364;Rob Alflen;1968-05-07; 54,23409
fc-utrecht;2011-10-18;2014-06-30;2011;2014;986;Jan Wouters;1960-07-17; 62,03970
fc-utrecht;2011-07-01;2011-10-17;2011;2011;108;Erwin Koeman;1961-09-20; 60,86242
fc-utrecht;2008-12-25;2011-05-19;2008;2011;875;Ton du Chatinier;1958-01-13; 64,54757
fc-utrecht;2007-07-12;2008-12-24;2007;2008;531;Willem van Hanegem;1944-02-20; 78,44490
fc-utrecht;2002-07-30;2007-06-30;2002;2007;1796;Foeke Booy;1962-04-25; 60,26831
fc-utrecht;2000-03-15;2002-06-30;2000;2002;837;Frans Adelaar;1960-12-05; 61,65366
fc-utrecht;1998-02-08;2000-03-14;1998;2000;765;Mark Wotte;1960-12-16; 61,62355
fc-utrecht;1997-07-01;1997-12-31;1997;1997;183;Nol de Ruiter;1940-04-06; 82,31896
fc-utrecht;1997-07-01;1997-12-31;1997;1997;183;Jan Wouters;1960-07-17; 62,03970
fc-utrecht;1996-01-23;1997-06-30;1996;1997;524;Ronald Spelbos;1954-06-18; 68,12047
fc-utrecht;1995-12-19;1996-01-22;1995;1996;34;Nol de Ruiter;1940-04-06; 82,31896
fc-utrecht;1995-07-01;1995-12-18;1995;1995;170;Simon Kistemaker;1941-08-29; 80,92266
fc-utrecht;1993-07-01;1995-06-30;1993;1995;729;Leo van Veen;1946-06-06; 76,15332
fc-utrecht;1990-07-01;1993-06-30;1990;1993;1095;Ab Fafié;1941-03-04; 81,40999
fc-utrecht;1989-07-01;1990-06-30;1989;1990;364;Cees Loffeld;1946-04-05; 76,32307
fc-utrecht;1987-07-01;1989-06-30;1987;1989;730;Han Berger;1950-06-17; 72,12320
fc-utrecht;1984-07-01;1987-06-30;1984;1987;1094;Nol de Ruiter;1940-04-06; 82,31896
fc-utrecht;1983-07-01;1984-06-30;1983;1984;365;Barry Hughes;1937-12-31; 84,58316
fc-utrecht;1976-07-01;1983-06-30;1976;1983;2555;Han Berger;1950-06-17; 72,12320
fc-utrecht;1974-07-01;1976-06-30;1974;1976;730;Jan Rab;1940-11-30; 81,66735
fc-utrecht;1970-07-01;1974-06-30;1970;1974;1460;Bert Jacobs;1941-03-02; 81,41547
fc-utrecht;1968-07-01;1969-06-30;1968;1969;364;Friedrich Donnenfeld;1912-01-17;110,53799
fc-utrecht;1968-07-01;1970-06-30;1968;1970;729;László Zalai;NA;NA
fc-utrecht;1967-07-01;1968-06-30;1967;1968;365;Thim van der Laan;NA;NA
fc-utrecht;1966-07-01;1967-06-30;1966;1967;364;Louis van den Bogert;1924-02-14; 98,46133
fc-utrecht;1965-07-01;1966-06-30;1965;1966;364;Jovan Jovanović;NA;NA
fc-utrecht;1964-07-01;1965-06-30;1964;1965;364;Arie de Vroet;1918-11-09;103,72621
fc-utrecht;1962-07-01;1964-06-30;1962;1964;730;Willy Kment;1914-10-15;107,79466
fc-utrecht;1961-07-01;1962-06-30;1961;1962;364;Pepi Gruber;1912-05-04;110,24230
fc-utrecht;1960-07-01;1961-06-30;1960;1961;364;Tschik Čajkovski;1923-11-24; 98,68583
fc-utrecht;1959-07-01;1961-06-30;1959;1961;730;Jaap van der Leck;1911-09-10;110,89117
fc-utrecht;1957-07-01;1959-06-30;1957;1959;729;Pepi Gruber;1912-05-04;110,24230
fc-utrecht;1944-07-01;1949-06-30;1944;1949;1825;Jaap van der Leck;1911-09-10;110,89117
fc-volendam;2019-07-01;2023-06-30;2019;2023;1460;Wim Jonk;1966-10-12; 55,80287
fc-volendam;2018-10-01;2019-06-30;2018;2019;272;Hans de Koning;1960-04-05; 62,32170
fc-volendam;2017-07-01;2018-09-29;2017;2018;455;Misha Salden;1973-09-28; 48,84052
fc-volendam;2017-04-25;2017-06-30;2017;2017;66;Johan Steur;1962-03-23; 60,35866
fc-volendam;2015-07-01;2017-04-24;2015;2017;663;Robert Molenaar;1969-02-27; 53,42368
fc-volendam;2012-07-01;2015-06-30;2012;2015;1094;Hans de Koning;1960-04-05; 62,32170
fc-volendam;2012-03-07;2012-06-30;2012;2012;115;Johan Steur;1962-03-23; 60,35866
fc-volendam;2010-07-01;2012-03-06;2010;2012;614;Gert Kruys;1961-05-08; 61,23203
fc-volendam;2010-02-14;2010-06-30;2010;2010;136;Johan Steur;1962-03-23; 60,35866
fc-volendam;2009-07-01;2010-02-13;2009;2010;227;Edward Sturing;1963-06-13; 59,13484
fc-volendam;2008-07-01;2009-06-30;2008;2009;364;Frans Adelaar;1960-12-05; 61,65366
fc-volendam;2006-07-01;2008-06-30;2006;2008;730;Stanley Menzo;1963-10-15; 58,79535
fc-volendam;2005-03-25;2006-06-30;2005;2006;462;Ernie Brandts;1956-02-03; 66,49144
fc-volendam;2004-07-01;2005-03-18;2004;2005;260;Job Dragtsma;1955-10-23; 66,77344
fc-volendam;2004-01-29;2004-06-30;2004;2004;153;Johan Steur;1962-03-23; 60,35866
fc-volendam;2000-07-01;2004-01-28;2000;2004;1306;Henk Wisman;1957-05-29; 65,17454
fc-volendam;1999-07-01;2000-06-30;1999;2000;365;Andries Jonker;1962-09-22; 59,85763
fc-volendam;1997-07-01;1999-06-30;1997;1999;729;Dick de Boer;1948-12-28; 73,59069
fc-volendam;1996-07-01;1997-06-30;1996;1997;364;Hans van der Zee;1956-01-15; 66,54346
fc-volendam;1995-07-01;1996-06-30;1995;1996;365;Bert Jacobs;1941-03-02; 81,41547
fc-volendam;1994-01-27;1995-06-30;1994;1995;519;Wim Rijsbergen;1952-01-18; 70,53525
fc-volendam;1993-10-24;1994-01-27;1993;1994;95;Leo Steegman;1943-11-08; 78,72964
fc-volendam;1992-11-15;1993-10-24;1992;1993;343;Fritz Korbach;1945-07-18; 77,03765
fc-volendam;1988-07-01;1992-08-24;1988;1992;1515;Leo Steegman;1943-11-08; 78,72964
fc-volendam;1986-07-01;1988-06-30;1986;1988;730;Jan Brouwer;NA;NA
fc-volendam;1985-07-01;1986-06-30;1985;1986;364;Barry Hughes;1937-12-31; 84,58316
fc-volendam;1984-07-01;1985-06-30;1984;1985;364;Leo Beenhakker;1942-08-02; 79,99726
fc-volendam;1983-07-01;1984-06-30;1983;1984;365;Cor van der Hart;1928-01-25; 94,51608
fc-volendam;1982-07-01;1983-06-30;1982;1983;364;Fritz Korbach;1945-07-18; 77,03765
fc-volendam;1977-07-01;1979-06-30;1977;1979;729;Jan Mak;1945-06-21; 77,11157
fc-volendam;1976-07-01;1977-06-30;1976;1977;364;Leo Steegman;1943-11-08; 78,72964
fc-volendam;1969-07-01;1972-06-30;1969;1972;1095;Hans Croon;1936-05-25; 86,18480
fc-volendam;1964-07-01;1969-06-30;1964;1969;1825;Ron Dellow;1914-07-13;108,05202
fc-volendam;1962-07-01;1964-06-30;1962;1964;730;Piet Dubbelman;NA;NA
fc-volendam;1960-07-01;1962-06-30;1960;1962;729;Bram Appel;1921-11-30;100,66804
feyenoord;2021-07-01;2025-06-30;2021;2025;1460;Arne Slot;1978-09-17; 43,87132
feyenoord;2019-10-30;2021-06-30;2019;2021;609;Dick Advocaat;1947-09-27; 74,84463
feyenoord;2019-07-01;2019-10-28;2019;2019;119;Jaap Stam;1972-07-17; 50,03970
feyenoord;2015-05-18;2019-06-30;2015;2019;1504;Giovanni van Bronckhorst;1975-02-05; 47,48528
feyenoord;2014-07-01;2015-05-17;2014;2015;320;Fred Rutten;1962-12-05; 59,65503
feyenoord;2011-07-01;2014-06-30;2011;2014;1095;Ronald Koeman;1963-03-21; 59,36482
feyenoord;2009-07-01;2011-07-12;2009;2011;741;Mario Been;1963-12-11; 58,63929
feyenoord;2009-01-15;2009-06-30;2009;2009;166;Leon Vlemmings;1970-04-03; 52,32854
feyenoord;2008-07-01;2009-01-14;2008;2009;197;Gertjan Verbeek;1962-08-01; 60,00000
feyenoord;2007-07-01;2008-07-31;2007;2008;396;Bert van Marwijk;1952-05-19; 70,20123
feyenoord;2007-05-05;2007-06-30;2007;2007;56;Leo Beenhakker;1942-08-02; 79,99726
feyenoord;2005-07-01;2007-05-03;2005;2007;671;Erwin Koeman;1961-09-20; 60,86242
feyenoord;2004-07-01;2005-05-23;2004;2005;326;Ruud Gullit;1962-09-01; 59,91513
feyenoord;2000-07-01;2004-06-30;2000;2004;1460;Bert van Marwijk;1952-05-19; 70,20123
feyenoord;1997-10-29;1997-11-06;1997;1997;8;Geert Meijer;1951-03-15; 71,38125
feyenoord;1997-07-01;2000-04-30;1997;2000;1034;Leo Beenhakker;1942-08-02; 79,99726
feyenoord;1995-10-15;1997-06-30;1995;1997;624;Arie Haan;1948-11-16; 73,70568
feyenoord;1995-10-03;1995-10-14;1995;1995;11;Geert Meijer;1951-03-15; 71,38125
feyenoord;1992-07-01;1995-10-02;1992;1995;1188;Willem van Hanegem;1944-02-20; 78,44490
feyenoord;1992-03-17;1992-06-30;1992;1992;105;Wim Jansen;1946-10-28; 75,75907
feyenoord;1991-07-01;1992-03-16;1991;1992;259;Hans Dorjee;1941-07-26; 81,01574
feyenoord;1991-03-16;1991-06-30;1991;1991;106;Wim Jansen;1946-10-28; 75,75907
feyenoord;1989-12-01;1991-03-15;1989;1991;469;Gunder Bengtsson;1946-02-02; 76,49281
feyenoord;1989-07-01;1991-03-15;1989;1991;622;Pim Verbeek;1956-03-12; 66,38741
feyenoord;1988-07-01;1989-06-30;1988;1989;364;Rob Jacobs;1943-10-15; 78,79535
feyenoord;1986-07-01;1988-06-30;1986;1988;730;Rinus Israël;1942-03-19; 80,36961
feyenoord;1984-11-16;1986-06-30;1984;1986;591;Ab Fafié;1941-03-04; 81,40999
feyenoord;1983-07-01;1984-11-15;1983;1984;503;Thijs Libregts;1941-01-04; 81,57153
feyenoord;1982-07-01;1983-06-30;1982;1983;364;Hans Kraay sr.;1936-10-14; 85,79603
feyenoord;1978-07-01;1982-06-30;1978;1982;1460;Václav Ježek;1923-10-01; 98,83368
feyenoord;1976-07-01;1978-06-30;1976;1978;729;Vujadin Boškov;1931-05-16; 91,21150
feyenoord;1975-07-01;1976-06-30;1975;1976;365;Antoni Brzeżańczyk;1919-01-19;103,53183
feyenoord;1973-07-01;1975-06-30;1973;1975;729;Wiel Coerver;1924-12-03; 97,65914
feyenoord;1969-07-01;1973-06-30;1969;1973;1460;Ernst Happel;1925-11-29; 96,67077
feyenoord;1967-07-01;1969-06-30;1967;1969;730;Ben Peeters;1919-10-28;102,75975
feyenoord;1964-07-01;1967-06-30;1964;1967;1094;Willy Kment;1914-10-15;107,79466
feyenoord;1963-07-01;1964-06-30;1963;1964;365;Norberto Höfling;1924-06-20; 98,11362
feyenoord;1961-07-01;1963-06-30;1961;1963;729;Franz Fuchs;1915-11-25;106,68309
feyenoord;1959-07-01;1961-06-30;1959;1961;730;Jiří Sobotka;1911-06-06;111,15400
feyenoord;1959-02-01;1959-06-30;1959;1959;149;Piet de Wolf;NA;NA
feyenoord;1956-07-01;1959-01-31;1956;1959;944;Jaap van der Leck;1911-09-10;110,89117
feyenoord;1955-07-01;1956-06-30;1955;1956;365;Richard Kohn;1888-02-27;134,42300
feyenoord;1952-07-01;1955-06-30;1952;1955;1094;Adriaan Koonings;1895-12-23;126,60370
feyenoord;1951-07-01;1952-06-30;1951;1952;365;Richard Kohn;1888-02-27;134,42300
feyenoord;1946-07-01;1950-06-30;1946;1950;1460;Adriaan Koonings;1895-12-23;126,60370
feyenoord;1942-07-01;1946-06-30;1942;1946;1460;Kees Pijl;1897-06-09;125,14168
feyenoord;1940-07-01;1941-06-30;1940;1941;364;Kees van Dijke;1902-12-18;119,61944
feyenoord;1936-07-01;1937-06-30;1936;1937;364;Ferenc Molnár;1891-04-08;131,31280
feyenoord;1935-07-01;1939-06-30;1935;1939;1460;Richard Kohn;1888-02-27;134,42300
feyenoord;1924-07-01;1925-04-01;1924;1925;274;Harry Waites;1878-06-08;144,14511
fc-twente;2020-07-01;2023-06-30;2020;2023;1094;Ron Jans;1958-09-29; 63,83847
fc-twente;2019-05-16;2020-06-30;2019;2020;411;Gonzalo;1983-10-13; 38,80082
fc-twente;2018-03-26;2019-05-07;2018;2019;407;Marino Pušić;1971-08-18; 50,95414
fc-twente;2017-10-29;2018-03-25;2017;2018;147;Gertjan Verbeek;1962-08-01; 60,00000
fc-twente;2017-10-18;2017-10-28;2017;2017;10;Marino Pušić;1971-08-18; 50,95414
fc-twente;2015-08-30;2017-10-18;2015;2017;780;René Hake;1971-12-18; 50,62012
fc-twente;2014-07-01;2015-08-29;2014;2015;424;Alfred Schreuder;1972-11-02; 49,74401
fc-twente;2013-04-01;2014-06-30;2013;2014;455;Michel Jansen;1966-03-03; 56,41342
fc-twente;2013-02-26;2013-03-31;2013;2013;33;Alfred Schreuder;1972-11-02; 49,74401
fc-twente;2012-01-05;2013-02-25;2012;2013;417;Steve McClaren;1961-05-03; 61,24572
fc-twente;2011-07-01;2012-01-03;2011;2012;186;Co Adriaanse;1947-07-21; 75,03080
fc-twente;2010-07-01;2011-06-30;2010;2011;364;Michel Preud'homme;1959-01-24; 63,51814
fc-twente;2008-07-01;2010-06-30;2008;2010;729;Steve McClaren;1961-05-03; 61,24572
fc-twente;2006-07-01;2008-06-30;2006;2008;730;Fred Rutten;1962-12-05; 59,65503
fc-twente;2006-02-02;2006-06-30;2006;2006;148;Jan van Staa;1955-05-27; 67,18138
fc-twente;2004-07-01;2006-02-01;2004;2006;580;Rini Coolen;1967-02-10; 55,47159
fc-twente;2002-07-01;2004-06-30;2002;2004;730;René Vandereycken;1953-07-22; 69,02669
fc-twente;2001-07-01;2002-06-30;2001;2002;364;John van 't Schip;1963-12-30; 58,58727
fc-twente;1999-09-06;2001-06-30;1999;2001;663;Fred Rutten;1962-12-05; 59,65503
fc-twente;1996-01-01;1999-09-05;1996;1999;1343;Hans Meyer;1942-11-03; 79,74264
fc-twente;1995-11-20;1995-12-31;1995;1995;41;Fred Rutten;1962-12-05; 59,65503
fc-twente;1994-07-01;1995-11-20;1994;1995;507;Issy ten Donkelaar;1941-10-07; 80,81588
fc-twente;1992-07-01;1994-06-30;1992;1994;729;Rob Baan;1943-04-01; 79,33470
fc-twente;1986-07-01;1992-06-30;1986;1992;2191;Theo Vonk;1947-12-16; 74,62560
fc-twente;1983-07-01;1986-06-30;1983;1986;1095;Fritz Korbach;1945-07-18; 77,03765
fc-twente;1982-11-16;1983-06-30;1982;1983;226;Spitz Kohn;1933-11-01; 88,74743
fc-twente;1981-11-16;1982-11-15;1981;1982;364;Rob Groener;1945-12-19; 76,61602
fc-twente;1979-10-21;1981-11-15;1979;1981;756;Hennie Hollink;1931-10-01; 90,83368
fc-twente;1972-07-01;1979-10-15;1972;1979;2662;Spitz Kohn;1933-11-01; 88,74743
fc-twente;1966-07-01;1972-06-30;1966;1972;2191;Kees Rijvers;1926-05-27; 96,18070
fc-twente;1962-07-01;1966-06-30;1962;1966;1460;Friedrich Donnenfeld;1912-01-17;110,53799
fc-twente;1961-07-01;1962-06-30;1961;1962;364;Ernie Robinson;1908-01-21;114,52704
fc-twente;1956-07-01;1961-06-30;1956;1961;1825;František Fadrhonc;1914-12-18;107,61944
fc-twente;1954-07-01;1956-06-30;1954;1956;730;Jaap van der Leck;1911-09-10;110,89117
fc-twente;1935-07-01;1937-06-30;1935;1937;730;Béla Guttmann;1900-03-13;122,38467
go-ahead-eagles;2022-07-01;2025-06-30;2022;2025;1095;René Hake;1971-12-18; 50,62012
go-ahead-eagles;2020-07-01;2022-06-30;2020;2022;729;Kees van Wonderen;1969-01-04; 53,57153
go-ahead-eagles;2019-07-01;2020-06-30;2019;2020;365;Jack de Gier;1968-08-06; 53,98494
go-ahead-eagles;2018-07-01;2019-06-30;2018;2019;364;John Stegeman;1976-08-27; 45,92745
go-ahead-eagles;2017-12-05;2018-06-30;2017;2018;207;Jan van Staa;1955-05-27; 67,18138
go-ahead-eagles;2017-07-01;2017-12-03;2017;2017;155;Leon Vlemmings;1970-04-03; 52,32854
go-ahead-eagles;2017-03-25;2017-06-30;2017;2017;97;Robert Maaskant;1969-01-10; 53,55510
go-ahead-eagles;2016-02-22;2017-03-21;2016;2017;393;Hans de Koning;1960-04-05; 62,32170
go-ahead-eagles;2016-02-02;2016-02-22;2016;2016;20;Harry Decheiver;1970-03-08; 52,39973
go-ahead-eagles;2015-03-23;2016-02-01;2015;2016;315;Dennis Demmers;1975-03-21; 47,36482
go-ahead-eagles;2013-07-01;2015-03-22;2013;2015;629;Foeke Booy;1962-04-25; 60,26831
go-ahead-eagles;2012-07-01;2013-06-30;2012;2013;364;Erik ten Hag;1970-02-02; 52,49281
go-ahead-eagles;2012-03-30;2012-06-30;2012;2012;92;Jimmy Calderwood;1955-02-28; 67,42231
go-ahead-eagles;2011-07-01;2012-03-24;2011;2012;267;Joop Gall;1963-12-25; 58,60096
go-ahead-eagles;2008-07-01;2011-06-30;2008;2011;1094;Andries Ulderink;1969-07-30; 53,00479
go-ahead-eagles;2005-07-01;2008-06-30;2005;2008;1095;Mike Snoei;1963-12-04; 58,65845
go-ahead-eagles;2003-02-03;2005-06-30;2003;2005;878;Raymond Libregts;1964-12-25; 57,59890
go-ahead-eagles;2002-07-01;2003-01-31;2002;2003;214;Robert Maaskant;1969-01-10; 53,55510
go-ahead-eagles;2001-12-10;2002-06-30;2001;2002;202;Theo de Jong;1947-08-11; 74,97331
go-ahead-eagles;1997-07-01;2001-12-07;1997;2001;1620;Jan van Staa;1955-05-27; 67,18138
go-ahead-eagles;1996-07-01;1997-06-30;1996;1997;364;Leo van Veen;1946-06-06; 76,15332
go-ahead-eagles;1995-01-28;1996-06-30;1995;1996;519;Ab Fafié;1941-03-04; 81,40999
go-ahead-eagles;1993-07-01;1995-01-27;1993;1995;575;Henk ten Cate;1954-12-09; 67,64408
go-ahead-eagles;1990-07-01;1993-06-30;1990;1993;1095;Jan Versleijen;1955-12-29; 66,59001
go-ahead-eagles;1990-02-22;1990-06-30;1990;1990;128;Henk ten Cate;1954-12-09; 67,64408
go-ahead-eagles;1988-07-01;1992-02-14;1988;1992;1323;Fritz Korbach;1945-07-18; 77,03765
go-ahead-eagles;1988-02-15;1988-06-30;1988;1988;136;Mircea Petescu;1943-05-15; 79,21424
go-ahead-eagles;1985-07-01;1988-06-30;1985;1988;1095;Nico van Zoghel;1943-05-22; 79,19507
go-ahead-eagles;1983-03-05;1986-06-30;1983;1986;1213;Henk Wullems;1936-01-21; 86,52704
go-ahead-eagles;1981-07-01;1983-03-04;1981;1983;611;Bob Maaskant;1938-03-15; 84,38056
go-ahead-eagles;1980-07-01;1981-06-30;1980;1981;364;Spitz Kohn;1933-11-01; 88,74743
go-ahead-eagles;1978-07-01;1980-06-30;1978;1980;730;Joop Brand;1936-06-11; 86,13826
go-ahead-eagles;1978-01-01;1978-06-30;1978;1978;180;Henk van Brussel;1936-06-12; 86,13552
go-ahead-eagles;1976-07-01;1977-12-31;1976;1977;548;Wiel Coerver;1924-12-03; 97,65914
go-ahead-eagles;1975-07-01;1976-06-30;1975;1976;365;Leo Beenhakker;1942-08-02; 79,99726
go-ahead-eagles;1973-07-01;1974-06-30;1973;1974;364;Hans Kraay sr.;1936-10-14; 85,79603
go-ahead-eagles;1973-07-01;1975-06-30;1973;1975;729;Jan Notermans;1932-07-29; 90,00684
go-ahead-eagles;1970-07-01;1973-06-30;1970;1973;1095;Barry Hughes;1937-12-31; 84,58316
go-ahead-eagles;1962-07-01;1970-06-30;1962;1970;2921;František Fadrhonc;1914-12-18;107,61944
